EVENT_ID,CZ_NAME_STR,BEGIN_LOCATION,BEGIN_DATE,BEGIN_TIME,EVENT_TYPE,MAGNITUDE,TOR_F_SCALE,DEATHS_DIRECT,INJURIES_DIRECT,DAMAGE_PROPERTY_NUM,DAMAGE_CROPS_NUM,STATE_ABBR,CZ_TIMEZONE,MAGNITUDE_TYPE,EPISODE_ID,CZ_TYPE,CZ_FIPS,WFO,INJURIES_INDIRECT,DEATHS_INDIRECT,SOURCE,FLOOD_CAUSE,TOR_LENGTH,TOR_WIDTH,BEGIN_RANGE,BEGIN_AZIMUTH,END_RANGE,END_AZIMUTH,END_LOCATION,END_DATE,END_TIME,BEGIN_LAT,BEGIN_LON,END_LAT,END_LON,EVENT_NARRATIVE,EPISODE_NARRATIVE,ABSOLUTE_ROWNUMBER
9979207,MOBILE CO., ,04/18/1950,130,Tornado,0,F3,0,15,25000,0,AL,CST, , ,C,97, ,0,0, , ,14,100,0, ,0, , ,04/18/1950,130,30.67,-88.20,30.85,-88.10,"","",1
9979423,BALDWIN CO., ,04/18/1950,145,Tornado,0,F2,0,0,2500,0,AL,CST, , ,C,3, ,0,0, , ,2,150,0, ,0, , ,04/18/1950,145,30.70,-87.92, , ,"","",2
9979424,FAYETTE CO., ,02/20/1951,1600,Tornado,0,F2,0,2,25000,0,AL,CST, , ,C,57, ,0,0, , ,.1,123,0, ,0, , ,02/20/1951,1600,33.67,-87.70, , ,"","",3
9979425,MADISON CO., ,06/08/1951,900,Tornado,0,F2,0,2,2500,0,AL,CST, , ,C,89, ,0,0, , ,0,100,0, ,0, , ,06/08/1951,900,34.97,-86.43, , ,"","",4
9979426,CULLMAN CO., ,11/15/1951,1500,Tornado,0,F2,0,2,2500,0,AL,CST, , ,C,43, ,0,0, , ,0,150,0, ,0, , ,11/15/1951,1500,34.20,-86.70, , ,"","",5
9979427,LAUDERDALE CO., ,11/15/1951,2000,Tornado,0,F2,0,6,2500,0,AL,CST, , ,C,77, ,0,0, , ,1.5,177,0, ,0, , ,11/15/1951,2000,34.83,-87.80, , ,"","",6
9979428,BLOUNT CO., ,11/16/1951,100,Tornado,0,F2,0,1,2500,0,AL,CST, , ,C,9, ,0,0, , ,1.5,33,0, ,0, , ,11/16/1951,100,34.08,-86.52, , ,"","",7
9979429,TALLAPOOSA CO., ,01/22/1952,900,Tornado,0,F1,0,0,2500,0,AL,CST, , ,C,123, ,0,0, , ,0,33,0, ,0, , ,01/22/1952,900,32.92,-85.97, , ,"","",8
9979430,TUSCALOOSA CO., ,02/13/1952,2000,Tornado,0,F3,1,14,25000,0,AL,CST, , ,C,125, ,0,0, , ,3.3,100,0, ,0, , ,02/13/1952,2000,33.57,-87.67,33.60,-87.63,"","",9
9979431,FAYETTE CO., ,02/13/1952,2000,Tornado,0,F3,0,0,25000,0,AL,CST, , ,C,57, ,0,0, , ,2.3,100,0, ,0, , ,02/13/1952,2000,33.60,-87.63,33.62,-87.62,"","",10
9979432,CULLMAN CO., ,02/13/1952,2030,Tornado,0,F1,0,3,2500000,0,AL,CST, , ,C,43, ,0,0, , ,1.3,400,0, ,0, , ,02/13/1952,2030,34.02,-86.75,34.03,-86.73,"","",11
9979433,BLOUNT CO., ,02/13/1952,2030,Tornado,0,F1,0,3,2500000,0,AL,CST, , ,C,9, ,0,0, , ,4.7,400,0, ,0, , ,02/13/1952,2030,34.03,-86.73,34.07,-86.67,"","",12
9979434,JEFFERSON CO., ,02/13/1952,2130,Tornado,0,F3,1,26,250000,0,AL,CST, , ,C,73, ,0,0, , ,0,200,0, ,0, , ,02/13/1952,2130,33.60,-86.93, , ,"","",13
9979435,DEKALB CO., ,02/29/1952,1700,Tornado,0,F3,0,12,0,0,AL,CST, , ,C,49, ,0,0, , ,3.3,400,0, ,0, , ,02/29/1952,1700,34.50,-85.70,34.53,-85.67,"","",14
9979436,PICKENS CO., ,03/03/1952,1310,Tornado,0,F3,0,6,25000,0,AL,CST, , ,C,107, ,0,0, , ,3.3,440,0, ,0, , ,03/03/1952,1310,33.33,-87.90,33.37,-87.87,"","",15
9979437,MORGAN CO., ,03/22/1952,1500,Tornado,0,F4,4,50,25000,0,AL,CST, , ,C,103, ,0,0, , ,21.6,100,0, ,0, , ,03/22/1952,1500,34.60,-87.00,34.68,-86.63,"","",16
9979438,MOBILE CO., ,04/04/1952,620,Tornado,0,F1,0,2,25000,0,AL,CST, , ,C,97, ,0,0, , ,.2,200,0, ,0, , ,04/04/1952,620,30.70,-88.28, , ,"","",17
9979439,FAYETTE CO., ,05/10/1952,900,Tornado,0,F1,0,0,25000,0,AL,CST, , ,C,57, ,0,0, , ,.2,50,0, ,0, , ,05/10/1952,900,33.73,-87.75, , ,"","",18
9979440,FAYETTE CO., ,05/10/1952,900,Tornado,0,F1,0,0,25000,0,AL,CST, , ,C,57, ,0,0, , ,.2,50,0, ,0, , ,05/10/1952,900,33.73,-87.75, , ,"","",19
9979441,FAYETTE CO., ,05/10/1952,900,Tornado,0,F1,0,0,25000,0,AL,CST, , ,C,57, ,0,0, , ,.2,50,0, ,0, , ,05/10/1952,900,33.73,-87.75, , ,"","",20
9979442,DALLAS CO., ,01/08/1953,630,Tornado,0,F1,0,0,25000,0,AL,CST, , ,C,47, ,0,0, , ,.5,167,0, ,0, , ,01/08/1953,630,32.62,-86.98, , ,"","",21
9979443,TALLADEGA CO., ,01/08/1953,710,Tornado,0,F2,0,0,2500,0,AL,CST, , ,C,121, ,0,0, , ,3,867,0, ,0, , ,01/08/1953,710,33.42,-86.12,33.45,-86.08,"","",22
9979444,WALKER CO., ,01/20/1953,1500,Tornado,0,F3,0,0,2500,0,AL,CST, , ,C,127, ,0,0, , ,1.5,50,0, ,0, , ,01/20/1953,1500,33.80,-87.23, , ,"","",23
9979445,BLOUNT CO., ,01/20/1953,1630,Tornado,0, ,0,1,25000,0,AL,CST, , ,C,9, ,0,0, , ,0,33,0, ,0, , ,01/20/1953,1630,34.10,-86.50, , ,"","",24
9979446,CLARKE CO., ,01/23/1953,500,Tornado,0,F3,0,1,25000,0,AL,CST, , ,C,25, ,0,0, , ,6.5,300,0, ,0, , ,01/23/1953,500,31.53,-88.00,31.57,-87.90,"","",25
9979447,COLBERT CO., ,02/20/1953,1610,Tornado,0,F3,1,8,25000,0,AL,CST, , ,C,33, ,0,0, , ,.1,20,0, ,0, , ,02/20/1953,1610,34.70,-87.70, , ,"","",26
9979448,MARION CO., ,02/20/1953,1630,Tornado,0,F2,0,2,25000,0,AL,CST, , ,C,93, ,0,0, , ,.5,300,0, ,0, , ,02/20/1953,1630,33.95,-87.80, , ,"","",27
9979449,WALKER CO., ,02/20/1953,1645,Tornado,0,F2,0,1,25000,0,AL,CST, , ,C,127, ,0,0, , ,.7,100,0, ,0, , ,02/20/1953,1645,33.93,-87.37, , ,"","",28
9979450,FRANKLIN CO., ,02/20/1953,1900,Tornado,0,F2,0,6,25000,0,AL,CST, , ,C,59, ,0,0, , ,7.1,220,0, ,0, , ,02/20/1953,1900,34.38,-87.07,34.42,-86.95,"","",29
9979451,MOBILE CO., ,03/18/1953,1422,Tornado,0,F2,0,2,2500,0,AL,CST, , ,C,97, ,0,0, , ,.1,10,0, ,0, , ,03/18/1953,1422,30.70,-88.12, , ,"","",30
9979452,LAUDERDALE CO., ,03/22/1953,1900,Tornado,0,F2,0,0,2500,0,AL,CST, , ,C,77, ,0,0, , ,1,200,0, ,0, , ,03/22/1953,1900,34.85,-87.62, , ,"","",31
9979453,JEFFERSON CO., ,04/06/1953,1545,Tornado,0,F3,0,12,2500,0,AL,CST, , ,C,73, ,0,0, , ,.5,37,0, ,0, , ,04/06/1953,1545,33.32,-87.00, , ,"","",32
9979454,BLOUNT CO., ,04/12/1953,340,Tornado,0,F1,0,0,25000,0,AL,CST, , ,C,9, ,0,0, , ,.5,100,0, ,0, , ,04/12/1953,340,33.85,-86.77, , ,"","",33
9979455,LEE CO., ,04/18/1953,1700,Tornado,0,F3,6,195,2500000,0,AL,CST, , ,C,81, ,0,0, , ,34.7,33,0, ,0, , ,04/18/1953,1700,32.60,-85.58,32.50,-85.00,"","",34
9979456,CHILTON CO., ,05/01/1953,1715,Tornado,0,F2,0,2,25000,0,AL,CST, , ,C,21, ,0,0, , ,1.5,100,0, ,0, , ,05/01/1953,1715,33.03,-86.75, , ,"","",35
9979457,CLAY CO., ,05/01/1953,1930,Tornado,0,F4,7,12,250000,0,AL,CST, , ,C,27, ,0,0, , ,12.1,440,0, ,0, , ,05/01/1953,1930,33.22,-85.93,33.30,-85.75,"","",36
9979458,JEFFERSON CO., ,05/01/1953,2000,Tornado,0, ,0,0,2500,0,AL,CST, , ,C,73, ,0,0, , ,0,33,0, ,0, , ,05/01/1953,2000,33.62,-86.62, , ,"","",37
9979459,CHOCTAW CO., ,05/01/1953,2000,Tornado,0,F4,2,3,25000,0,AL,CST, , ,C,23, ,0,0, , ,0,100,0, ,0, , ,05/01/1953,2000,32.25,-88.38, , ,"","",38
9979460,MARION CO., ,05/04/1953,1830,Tornado,0,F1,0,2,2500,0,AL,CST, , ,C,93, ,0,0, , ,.2,67,0, ,0, , ,05/04/1953,1830,33.92,-87.82, , ,"","",39
9979461,JEFFERSON CO., ,05/04/1953,1900,Tornado,0,F0,0,0,25000,0,AL,CST, , ,C,73, ,0,0, , ,0,33,0, ,0, , ,05/04/1953,1900,33.40,-86.97, , ,"","",40
9979462,HENRY CO., ,12/06/1953,700,Tornado,0,F1,0,0,2500,0,AL,CST, , ,C,67, ,0,0, , ,0,33,0, ,0, , ,12/06/1953,700,31.38,-85.40, , ,"","",41
9979463,HENRY CO., ,12/06/1953,800,Tornado,0,F2,0,1,25000,0,AL,CST, , ,C,67, ,0,0, , ,2,33,0, ,0, , ,12/06/1953,800,31.37,-85.27, , ,"","",42
9979464,CHILTON CO., ,02/28/1954,200,Tornado,0,F1,0,0,2500,0,AL,CST, , ,C,21, ,0,0, , ,12.5,167,0, ,0, , ,02/28/1954,200,32.92,-86.82,33.03,-86.65,"","",43
9979465,RUSSELL CO., ,03/13/1954,2040,Tornado,0,F3,0,0,25000,0,AL,CST, , ,C,113, ,0,0, , ,1.9,880,0, ,0, , ,03/13/1954,2040,32.33,-85.03,32.35,-85.02,"","",44
9979466,HENRY CO., ,03/29/1954,1430,Tornado,0,F2,0,0,25000,0,AL,CST, , ,C,67, ,0,0, , ,2.5,100,0, ,0, , ,03/29/1954,1430,31.37,-85.28, , ,"","",45
9979468,DALE CO., ,04/16/1954,800,Tornado,0,F2,0,1,25000,0,AL,CST, , ,C,45, ,0,0, , ,16,100,0, ,0, , ,04/16/1954,800,31.33,-85.80,31.45,-85.57,"","",46
9979467,COFFEE CO., ,04/16/1954,800,Tornado,0,F2,0,0,30,0,AL,CST, , ,C,31, ,0,0, , ,1.3,100,0, ,0, , ,04/16/1954,800,31.32,-85.82,31.33,-85.80,"","",47
9979469,LEE CO., ,12/05/1954,1200,Tornado,0,F3,0,4,250000,0,AL,CST, , ,C,81, ,0,0, , ,19.4,100,0, ,0, , ,12/05/1954,1200,32.68,-85.42,32.67,-85.08,"","",48
9979470,CALHOUN CO., ,12/05/1954,1330,Tornado,0,F3,0,26,250000,0,AL,CST, , ,C,15, ,0,0, , ,24.7,100,0, ,0, , ,12/05/1954,1330,33.78,-86.00,33.92,-85.60,"","",49
9979471,BARBOUR CO., ,12/05/1954,1345,Tornado,0,F2,0,3,2500,0,AL,CST, , ,C,5, ,0,0, , ,17.5,100,0, ,0, , ,12/05/1954,1345,31.93,-85.38,31.93,-85.08,"","",50
9979472,PIKE CO., ,12/05/1954,1600,Tornado,0,F1,0,2,2500,0,AL,CST, , ,C,109, ,0,0, , ,1.5,83,0, ,0, , ,12/05/1954,1600,31.88,-86.07, , ,"","",51
9979473,RUSSELL CO., ,12/05/1954,1600,Tornado,0,F2,0,0,25000,0,AL,CST, , ,C,113, ,0,0, , ,0,33,0, ,0, , ,12/05/1954,1600,32.45,-85.28, , ,"","",52
9979474,COLBERT CO., ,03/21/1955,1230,Tornado,0,F2,0,1,25000,0,AL,CST, , ,C,33, ,0,0, , ,5.4,200,0, ,0, , ,03/21/1955,1230,34.70,-88.10,34.73,-88.02,"","",53
9979489,DALLAS CO., ,04/21/1955,810,Tornado,0,F2,0,1,25000,0,AL,CST, , ,C,47, ,0,0, , ,1.5,50,0, ,0, , ,04/21/1955,810,32.38,-87.02, , ,"","",54
9979491,MORGAN CO., ,04/24/1955,545,Tornado,0,F4,5,20,2500000,0,AL,CST, , ,C,103, ,0,0, , ,8.6,200,0, ,0, , ,04/24/1955,545,34.35,-87.05,34.37,-86.90,"","",55
9976781,DALE CO., ,10/16/1955,800,Tornado,0, ,0,0,2500,0,AL,CST, , ,C,45, ,0,0, , ,16,100,0, ,0, , ,10/16/1955,800,31.33,-85.80,31.45,-85.57,"","",56
9976782,COFFEE CO., ,10/16/1955,1805,Tornado,0, ,0,0,2500,0,AL,CST, , ,C,31, ,0,0, , ,1.3,167,0, ,0, , ,10/16/1955,1805,31.32,-85.82,31.33,-85.80,"","",57
9976783,COFFEE CO., ,10/16/1955,1815,Tornado,0,F1,0,0,25000,0,AL,CST, , ,C,31, ,0,0, , ,14,167,0, ,0, , ,10/16/1955,1815,31.35,-86.02,31.32,-85.78,"","",58
9976784,COFFEE CO., ,10/16/1955,1840,Tornado,0,F2,0,0,2500000,0,AL,CST, , ,C,31, ,0,0, , ,1.9,100,0, ,0, , ,10/16/1955,1840,31.32,-85.83,31.32,-85.80,"","",59
9976785,DALE CO., ,10/16/1955,1840,Tornado,0,F2,0,5,2500000,0,AL,CST, , ,C,45, ,0,0, , ,14.5,100,0, ,0, , ,10/16/1955,1840,31.32,-85.80,31.42,-85.58,"","",60
9976795,GENEVA CO., ,03/16/1956,530,Tornado,0,F1,0,0,25000,0,AL,CST, , ,C,61, ,0,0, , ,11.9,20,0, ,0, , ,03/16/1956,530,31.20,-85.50,31.18,-85.30,"","",61
9976799,JEFFERSON CO., ,04/15/1956,1500,Tornado,0,F4,25,200,2500000,0,AL,CST, , ,C,73, ,0,0, , ,21.3,200,0, ,0, , ,04/15/1956,1500,33.50,-86.97,33.63,-86.63,"","",62
9976804,COVINGTON CO., ,05/03/1956,440,Tornado,0,F3,0,2,25000,0,AL,CST, , ,C,39, ,0,0, , ,3.8,83,0, ,0, , ,05/03/1956,440,31.60,-86.55,31.62,-86.50,"","",63
9976808,CLARKE CO., ,07/08/1956,800,Tornado,0,F2,0,0,2500,0,AL,CST, , ,C,25, ,0,0, , ,31.1,33,0, ,0, , ,07/08/1956,800,31.62,-87.90,31.43,-87.42,"","",64
9976811,MONTGOMERY CO., ,12/23/1956,50,Tornado,0,F2,0,1,250,0,AL,CST, , ,C,101, ,0,0, , ,30.5,100,0, ,0, , ,12/23/1956,50,32.13,-86.42,32.42,-86.02,"","",65
9976812,ELMORE CO., ,12/23/1956,50,Tornado,0,F2,0,0,250,0,AL,CST, , ,C,51, ,0,0, , ,17.3,100,0, ,0, , ,12/23/1956,50,32.42,-86.02,32.60,-85.82,"","",66
9976810,MONROE CO., ,12/23/1956,50,Tornado,0,F2,0,0,250,0,AL,CST, , ,C,99, ,0,0, , ,73.9,100,0, ,0, , ,12/23/1956,50,31.42,-87.35,32.13,-86.42,"","",67
9976814,HOUSTON CO., ,02/01/1957,2000,Tornado,0,F1,0,0,250,0,AL,CST, , ,C,69, ,0,0, , ,0,33,0, ,0, , ,02/01/1957,2000,31.20,-85.40, , ,"","",68
9976818,MOBILE CO., ,03/31/1957,2330,Tornado,0,F1,0,4,25000,0,AL,CST, , ,C,97, ,0,0, , ,1,67,0, ,0, , ,03/31/1957,2330,30.65,-88.00, , ,"","",69
9976819,MOBILE CO., ,03/31/1957,2330,Tornado,0,F1,0,0,30,0,AL,CST, , ,C,97, ,0,0, , ,0,33,0, ,0, , ,03/31/1957,2330,30.65,-88.00, , ,"","",70
9976825,FRANKLIN CO., ,04/07/1957,2335,Tornado,0,F2,0,0,25000,0,AL,CST, , ,C,59, ,0,0, , ,0,33,0, ,0, , ,04/07/1957,2335,34.45,-88.13, , ,"","",71
9976826,MARION CO., ,04/08/1957,946,Tornado,0,F3,0,0,250000,0,AL,CST, , ,C,93, ,0,0, , ,51.4,100,0, ,0, , ,04/08/1957,946,34.12,-87.98,34.32,-87.12,"","",72
9976827,MORGAN CO., ,04/08/1957,1015,Tornado,0,F3,2,90,250,0,AL,CST, , ,C,103, ,0,0, , ,33.6,200,0, ,0, , ,04/08/1957,1015,34.32,-86.98,34.45,-86.42,"","",73
9976828,MARSHALL CO., ,04/08/1957,1015,Tornado,0,F3,0,0,250,0,AL,CST, , ,C,95, ,0,0, , ,5.2,200,0, ,0, , ,04/08/1957,1015,34.45,-86.42,34.47,-86.33,"","",74
9976829,CULLMAN CO., ,04/08/1957,1030,Tornado,0,F3,0,0,250000,0,AL,CST, , ,C,43, ,0,0, , ,16.3,33,0, ,0, , ,04/08/1957,1030,34.30,-86.60,34.38,-86.33,"","",75
9976830,HENRY CO., ,05/10/1957,1945,Tornado,0,F1,0,0,2500,0,AL,CST, , ,C,67, ,0,0, , ,0,33,0, ,0, , ,05/10/1957,1945,31.37,-85.30, , ,"","",76
9976835,CLARKE CO., ,06/28/1957,830,Tornado,0,F1,0,0,2500,0,AL,CST, , ,C,25, ,0,0, , ,7.4,100,0, ,0, , ,06/28/1957,830,31.60,-87.70,31.63,-87.82,"","",77
9976836,WILCOX CO., ,06/28/1957,850,Tornado,0,F2,0,0,25000,0,AL,CST, , ,C,131, ,0,0, , ,2,100,0, ,0, , ,06/28/1957,850,31.92,-87.08, , ,"","",78
9976837,MONTGOMERY CO., ,06/28/1957,927,Tornado,0,F0,0,0,0,0,AL,CST, , ,C,101, ,0,0, , ,0,100,0, ,0, , ,06/28/1957,927,32.07,-86.30, , ,"","",79
9976838,LOWNDES CO., ,06/28/1957,935,Tornado,0,F2,0,0,25000,0,AL,CST, , ,C,85, ,0,0, , ,12.8,117,0, ,0, , ,06/28/1957,935,32.15,-86.58,32.25,-86.40,"","",80
9976839,CONECUH CO., ,06/28/1957,945,Tornado,0,F2,0,0,250000,0,AL,CST, , ,C,35, ,0,0, , ,23.2,440,0, ,0, , ,06/28/1957,945,31.40,-86.90,31.63,-86.62,"","",81
9976840,MONROE CO., ,06/28/1957,955,Tornado,0,F2,0,4,250000,0,AL,CST, , ,C,99, ,0,0, , ,12.1,100,0, ,0, , ,06/28/1957,955,31.42,-87.40,31.53,-87.25,"","",82
9976841,LOWNDES CO., ,06/28/1957,1000,Tornado,0,F1,0,8,250000,0,AL,CST, , ,C,85, ,0,0, , ,13.5,50,0, ,0, , ,06/28/1957,1000,31.97,-86.58,32.08,-86.40,"","",83
9976842,MONTGOMERY CO., ,06/28/1957,1000,Tornado,0,F1,0,0,250000,0,AL,CST, , ,C,101, ,0,0, , ,8.8,50,0, ,0, , ,06/28/1957,1000,32.08,-86.40,32.13,-86.27,"","",84
9976844,BUTLER CO., ,06/28/1957,1015,Tornado,0,F2,0,0,250000,0,AL,CST, , ,C,13, ,0,0, , ,12.3,133,0, ,0, , ,06/28/1957,1015,31.77,-86.72,31.85,-86.53,"","",85
9976845,CONECUH CO., ,06/28/1957,1025,Tornado,0,F2,0,0,25000,0,AL,CST, , ,C,35, ,0,0, , ,14.5,133,0, ,0, , ,06/28/1957,1025,31.42,-87.05,31.48,-86.82,"","",86
9977704,CONECUH CO., ,06/28/1957,1030,Tornado,0,F1,0,0,2500,0,AL,CST, , ,C,35, ,0,0, , ,1,33,0, ,0, , ,06/28/1957,1030,31.43,-87.05, , ,"","",87
9976846,MONTGOMERY CO., ,06/28/1957,1030,Tornado,0,F0,0,0,2500,0,AL,CST, , ,C,101, ,0,0, , ,8.9,167,0, ,0, , ,06/28/1957,1030,32.17,-86.13,32.18,-85.98,"","",88
9977705,CONECUH CO., ,06/28/1957,1100,Tornado,0,F2,0,0,250000,0,AL,CST, , ,C,35, ,0,0, , ,1.1,200,0, ,0, , ,06/28/1957,1100,31.43,-86.70,31.45,-86.70,"","",89
9977920,COVINGTON CO., ,06/28/1957,1100,Tornado,0,F2,0,2,250000,0,AL,CST, , ,C,39, ,0,0, , ,5.2,200,0, ,0, , ,06/28/1957,1100,31.45,-86.70,31.52,-86.67,"","",90
9977921,BUTLER CO., ,06/28/1957,1100,Tornado,0,F2,0,0,250000,0,AL,CST, , ,C,13, ,0,0, , ,5.2,200,0, ,0, , ,06/28/1957,1100,31.52,-86.67,31.58,-86.63,"","",91
9977922,CRENSHAW CO., ,06/28/1957,1150,Tornado,0,F0,0,0,0,0,AL,CST, , ,C,41, ,0,0, , ,0,33,0, ,0, , ,06/28/1957,1150,31.70,-86.30, , ,"","",92
9977923,BARBOUR CO., ,06/28/1957,1745,Tornado,0,F2,0,1,25000,0,AL,CST, , ,C,5, ,0,0, , ,16.5,100,0, ,0, , ,06/28/1957,1745,31.80,-85.67,31.97,-85.47,"","",93
9977925,LEE CO., ,08/15/1957,1730,Tornado,0,F1,0,0,2500,0,AL,CST, , ,C,81, ,0,0, , ,0,133,0, ,0, , ,08/15/1957,1730,32.53,-85.08, , ,"","",94
9977927,DALLAS CO., ,09/18/1957,1445,Tornado,0,F0,0,0,25000,0,AL,CST, , ,C,47, ,0,0, , ,11.9,100,0, ,0, , ,09/18/1957,1445,32.40,-86.87,32.52,-86.72,"","",95
9977928,PICKENS CO., ,11/08/1957,225,Tornado,0,F1,0,5,250000,0,AL,CST, , ,C,107, ,0,0, , ,8.7,33,0, ,0, , ,11/08/1957,225,33.13,-88.13,33.18,-88.00,"","",96
9977930,SHELBY CO., ,11/08/1957,430,Tornado,0,F1,0,0,25000,0,AL,CST, , ,C,117, ,0,0, , ,4.1,50,0, ,0, , ,11/08/1957,430,33.20,-86.57,33.23,-86.52,"","",97
9977932,LAMAR CO., ,11/17/1957,1310,Tornado,0,F1,0,0,2500,0,AL,CST, , ,C,75, ,0,0, , ,0,33,0, ,0, , ,11/17/1957,1310,33.90,-88.13, , ,"","",98
9977933,WALKER CO., ,11/17/1957,1512,Tornado,0,F4,4,15,25000,0,AL,CST, , ,C,127, ,0,0, , ,7.2,200,0, ,0, , ,11/17/1957,1512,33.90,-87.18,33.93,-87.30,"","",99
9977934,CULLMAN CO., ,11/17/1957,1610,Tornado,0,F1,0,3,250000,0,AL,CST, , ,C,43, ,0,0, , ,9.2,33,0, ,0, , ,11/17/1957,1610,34.10,-87.05,34.15,-86.90,"","",100
9977935,FRANKLIN CO., ,11/18/1957,1330,Tornado,0,F2,0,0,25000,0,AL,CST, , ,C,59, ,0,0, , ,7.4,33,0, ,0, , ,11/18/1957,1330,34.48,-87.87,34.53,-87.75,"","",101
9977936,GREENE CO., ,11/18/1957,1430,Tornado,0,F1,0,0,250000,0,AL,CST, , ,C,63, ,0,0, , ,7.6,33,0, ,0, , ,11/18/1957,1430,32.65,-87.90,32.72,-87.80,"","",102
9977937,HALE CO., ,11/18/1957,1430,Tornado,0,F1,0,5,250000,0,AL,CST, , ,C,65, ,0,0, , ,20.4,33,0, ,0, , ,11/18/1957,1430,32.72,-87.80,32.95,-87.58,"","",103
9977938,TUSCALOOSA CO., ,11/18/1957,1445,Tornado,0,F1,0,1,25000,0,AL,CST, , ,C,125, ,0,0, , ,3.3,33,0, ,0, , ,11/18/1957,1445,33.40,-87.53,33.42,-87.48,"","",104
9977939,DALLAS CO., ,11/18/1957,1445,Tornado,0,F1,0,0,25000,0,AL,CST, , ,C,47, ,0,0, , ,37.3,33,0, ,0, , ,11/18/1957,1445,32.28,-87.37,32.67,-86.92,"","",105
9977941,JEFFERSON CO., ,11/18/1957,1530,Tornado,0,F2,1,35,2500000,0,AL,CST, , ,C,73, ,0,0, , ,8.2,100,0, ,0, , ,11/18/1957,1530,33.60,-86.80,33.63,-86.67,"","",106
9977942,DEKALB CO., ,11/18/1957,1615,Tornado,0,F1,0,0,25000,0,AL,CST, , ,C,49, ,0,0, , ,0,33,0, ,0, , ,11/18/1957,1615,34.33,-85.83, , ,"","",107
9977943,TALLAPOOSA CO., ,11/18/1957,1635,Tornado,0,F1,0,0,25000,0,AL,CST, , ,C,123, ,0,0, , ,0,33,0, ,0, , ,11/18/1957,1635,32.95,-85.97, , ,"","",108
9977944,MORGAN CO., ,11/18/1957,1700,Tornado,0,F1,0,0,25000,0,AL,CST, , ,C,103, ,0,0, , ,0,33,0, ,0, , ,11/18/1957,1700,34.32,-86.60, , ,"","",109
9977945,LAWRENCE CO., ,11/18/1957,1700,Tornado,0,F1,0,0,2500,0,AL,CST, , ,C,79, ,0,0, , ,0,33,0, ,0, , ,11/18/1957,1700,34.50,-87.20, , ,"","",110
9977946,CLEBURNE CO., ,11/18/1957,1715,Tornado,0,F1,0,0,25000,0,AL,CST, , ,C,29, ,0,0, , ,0,33,0, ,0, , ,11/18/1957,1715,33.70,-85.60, , ,"","",111
9977947,CLAY CO., ,11/18/1957,1730,Tornado,0,F2,0,0,25000,0,AL,CST, , ,C,27, ,0,0, , ,0,33,0, ,0, , ,11/18/1957,1730,33.27,-85.85, , ,"","",112
9977948,BLOUNT CO., ,11/18/1957,1730,Tornado,0,F4,3,6,250000,0,AL,CST, , ,C,9, ,0,0, , ,15.8,100,0, ,0, , ,11/18/1957,1730,33.98,-86.52,34.17,-86.35,"","",113
9977949,MARSHALL CO., ,11/18/1957,1730,Tornado,0,F4,0,6,250000,0,AL,CST, , ,C,95, ,0,0, , ,10.3,100,0, ,0, , ,11/18/1957,1730,34.17,-86.35,34.27,-86.22,"","",114
9977951,FAYETTE CO., ,12/19/1957,2230,Tornado,0,F1,0,0,2500,0,AL,CST, , ,C,57, ,0,0, , ,0,33,0, ,0, , ,12/19/1957,2230,33.87,-87.80, , ,"","",115
9977952,COLBERT CO., ,12/19/1957,2315,Tornado,0,F2,0,7,25000,0,AL,CST, , ,C,33, ,0,0, , ,0,33,0, ,0, , ,12/19/1957,2315,34.60,-87.67, , ,"","",116
9977953,CHILTON CO., ,12/20/1957,253,Tornado,0,F1,0,0,250000,0,AL,CST, , ,C,21, ,0,0, , ,0,33,0, ,0, , ,12/20/1957,253,32.80,-86.65, , ,"","",117
9977954,CONECUH CO., ,12/20/1957,300,Tornado,0,F1,0,0,2500,0,AL,CST, , ,C,35, ,0,0, , ,.8,33,0, ,0, , ,12/20/1957,300,31.30,-86.88, , ,"","",118
9977955,FRANKLIN CO., ,01/31/1958,1330,Tornado,0,F2,0,0,2500,0,AL,CST, , ,C,59, ,0,0, , ,3,440,0, ,0, , ,01/31/1958,1330,34.48,-87.87, , ,"","",119
9977957,PIKE CO., ,02/06/1958,1405,Tornado,0,F2,0,0,25000,0,AL,CST, , ,C,109, ,0,0, , ,11.3,200,0, ,0, , ,02/06/1958,1405,31.72,-86.12,31.83,-85.98,"","",120
9977959,CHOCTAW CO., ,02/26/1958,2000,Tornado,0,F2,0,0,250000,0,AL,CST, , ,C,23, ,0,0, , ,20.9,67,0, ,0, , ,02/26/1958,2000,31.78,-88.45,32.00,-88.20,"","",121
9977961,ESCAMBIA CO., ,02/26/1958,2330,Tornado,0,F1,0,0,25000,0,AL,CST, , ,C,53, ,0,0, , ,0,10,0, ,0, , ,02/26/1958,2330,31.07,-87.42, , ,"","",122
9977962,MONTGOMERY CO., ,02/27/1958,130,Tornado,0,F1,0,0,25000,0,AL,CST, , ,C,101, ,0,0, , ,12.9,200,0, ,0, , ,02/27/1958,130,32.23,-86.00,32.40,-85.90,"","",123
9977965,MORGAN CO., ,04/05/1958,2000,Tornado,0,F1,0,0,2500,0,AL,CST, , ,C,103, ,0,0, , ,.5,100,0, ,0, , ,04/05/1958,2000,34.57,-86.95, , ,"","",124
9977966,COLBERT CO., ,04/05/1958,2100,Tornado,0,F2,1,1,250000,0,AL,CST, , ,C,33, ,0,0, , ,8.9,100,0, ,0, , ,04/05/1958,2100,34.67,-87.53,34.77,-87.43,"","",125
9977967,LAWRENCE CO., ,04/05/1958,2100,Tornado,0,F2,0,0,250000,0,AL,CST, , ,C,79, ,0,0, , ,10.3,100,0, ,0, , ,04/05/1958,2100,34.77,-87.43,34.85,-87.28,"","",126
9977968,LAWRENCE CO., ,04/05/1958,2200,Tornado,0,F2,0,0,25000,0,AL,CST, , ,C,79, ,0,0, , ,25.6,100,0, ,0, , ,04/05/1958,2200,34.70,-87.40,34.92,-87.03,"","",127
9977969,LIMESTONE CO., ,04/05/1958,2215,Tornado,0,F2,0,0,250000,0,AL,CST, , ,C,83, ,0,0, , ,10.5,50,0, ,0, , ,04/05/1958,2215,34.80,-87.00,34.92,-86.88,"","",128
9977970,MADISON CO., ,04/05/1958,2230,Tornado,0,F1,0,0,25000,0,AL,CST, , ,C,89, ,0,0, , ,0,33,0, ,0, , ,04/05/1958,2230,34.73,-86.62, , ,"","",129
9977971,CULLMAN CO., ,04/05/1958,2300,Tornado,0,F1,0,0,250000,0,AL,CST, , ,C,43, ,0,0, , ,8.8,200,0, ,0, , ,04/05/1958,2300,34.25,-86.87,34.33,-86.75,"","",130
9977972,CULLMAN CO., ,04/05/1958,2320,Tornado,0,F2,0,0,25000,0,AL,CST, , ,C,43, ,0,0, , ,6.6,33,0, ,0, , ,04/05/1958,2320,34.30,-86.90,34.37,-86.82,"","",131
9977973,MARSHALL CO., ,04/06/1958,3,Tornado,0,F3,0,1,250000,0,AL,CST, , ,C,95, ,0,0, , ,15.8,100,0, ,0, , ,04/06/1958,3,34.27,-86.22,34.47,-86.08,"","",132
9977974,JACKSON CO., ,04/06/1958,3,Tornado,0,F3,0,0,250000,0,AL,CST, , ,C,71, ,0,0, , ,9.9,100,0, ,0, , ,04/06/1958,3,34.47,-86.08,34.58,-85.98,"","",133
9977977,JEFFERSON CO., ,04/29/1958,600,Tornado,0,F1,0,0,25000,0,AL,CST, , ,C,73, ,0,0, , ,.3,300,0, ,0, , ,04/29/1958,600,33.27,-86.97, , ,"","",134
9977978,JEFFERSON CO., ,04/29/1958,600,Tornado,0,F2,0,0,25000,0,AL,CST, , ,C,73, ,0,0, , ,.5,100,0, ,0, , ,04/29/1958,600,33.63,-86.82, , ,"","",135
9977979,CHILTON CO., ,04/29/1958,630,Tornado,0,F0,0,0,2500,0,AL,CST, , ,C,21, ,0,0, , ,0,33,0, ,0, , ,04/29/1958,630,32.83,-86.47, , ,"","",136
9977980,CHILTON CO., ,04/29/1958,640,Tornado,0,F1,0,0,25000,0,AL,CST, , ,C,21, ,0,0, , ,12.1,100,0, ,0, , ,04/29/1958,640,32.95,-86.75,33.08,-86.62,"","",137
9977981,ETOWAH CO., ,04/29/1958,640,Tornado,0,F1,0,0,25000,0,AL,CST, , ,C,55, ,0,0, , ,0,33,0, ,0, , ,04/29/1958,640,34.00,-86.00, , ,"","",138
9977987,MORGAN CO., ,05/25/1958,1600,Tornado,0,F2,0,1,25000,0,AL,CST, , ,C,103, ,0,0, , ,0,50,0, ,0, , ,05/25/1958,1600,34.63,-87.00, , ,"","",139
9978849,HOUSTON CO., ,06/02/1958,1600,Tornado,0,F1,0,0,2500,0,AL,CST, , ,C,69, ,0,0, , ,.3,200,0, ,0, , ,06/02/1958,1600,31.30,-85.12, , ,"","",140
9978850,LAUDERDALE CO., ,09/20/1958,1630,Tornado,0,F1,0,0,25000,0,AL,CST, , ,C,77, ,0,0, , ,1,33,0, ,0, , ,09/20/1958,1630,35.00,-87.30, , ,"","",141
9979065,CULLMAN CO., ,01/21/1959,545,Tornado,0,F2,0,0,25000,0,AL,CST, , ,C,43, ,0,0, , ,1,33,0, ,0, , ,01/21/1959,545,34.25,-86.70, , ,"","",142
9979070,COFFEE CO., ,03/21/1959,2000,Tornado,0,F2,0,0,25000,0,AL,CST, , ,C,31, ,0,0, , ,2.7,150,0, ,0, , ,03/21/1959,2000,31.33,-85.87,31.37,-85.85,"","",143
9979071,MOBILE CO., ,03/26/1959,1445,Tornado,0,F1,0,0,2500,0,AL,CST, , ,C,97, ,0,0, , ,0,33,0, ,0, , ,03/26/1959,1445,31.12,-88.25, , ,"","",144
9979076,TALLADEGA CO., ,04/28/1959,1830,Tornado,0,F1,0,0,2500,0,AL,CST, , ,C,121, ,0,0, , ,0,33,0, ,0, , ,04/28/1959,1830,32.67,-86.90, , ,"","",145
9979077,BIBB CO., ,05/12/1959,1210,Tornado,0,F2,0,0,0,0,AL,CST, , ,C,7, ,0,0, , ,4.9,100,0, ,0, , ,05/12/1959,1210,33.20,-87.00,33.20,-86.92,"","",146
9979078,JEFFERSON CO., ,05/12/1959,1330,Tornado,0,F3,0,5,250000,0,AL,CST, , ,C,73, ,0,0, , ,8.6,440,0, ,0, , ,05/12/1959,1330,33.37,-86.95,33.42,-86.82,"","",147
9979081,DALLAS CO., ,05/20/1959,2030,Tornado,0,F1,0,0,250,0,AL,CST, , ,C,47, ,0,0, , ,.1,200,0, ,0, , ,05/20/1959,2030,32.40,-87.10, , ,"","",148
9979083,DALLAS CO., ,07/01/1959,1240,Tornado,0,F2,0,3,25000,0,AL,CST, , ,C,47, ,0,0, , ,.1,50,0, ,0, , ,07/01/1959,1240,32.42,-87.00, , ,"","",149
9979090,DALLAS CO., ,11/04/1959,1520,Tornado,0, ,0,0,250,0,AL,CST, , ,C,47, ,0,0, , ,.2,3,0, ,0, , ,11/04/1959,1520, , , , ,"","",150
9979091,MOBILE CO., ,01/29/1960,600,Tornado,0,F1,0,0,2500,0,AL,CST, , ,C,97, ,0,0, , ,0,33,0, ,0, , ,01/29/1960,600,30.63,-88.10, , ,"","",151
9979097,MONROE CO., ,03/29/1960,1700,Tornado,0,F2,0,0,25000,0,AL,CST, , ,C,99, ,0,0, , ,5.7,50,0, ,0, , ,03/29/1960,1700,31.60,-87.30,31.63,-87.22,"","",152
9979099,MOBILE CO., ,05/05/1960,700,Tornado,0,F1,0,0,2500,0,AL,CST, , ,C,97, ,0,0, , ,11.5,33,0, ,0, , ,05/05/1960,700,30.93,-88.22,30.85,-88.05,"","",153
9979100,MOBILE CO., ,05/07/1960,55,Tornado,0,F2,0,0,25000,0,AL,CST, , ,C,97, ,0,0, , ,.1,100,0, ,0, , ,05/07/1960,55,30.50,-88.27, , ,"","",154
9979101,MOBILE CO., ,05/07/1960,137,Tornado,0,F2,0,0,250000,0,AL,CST, , ,C,97, ,0,0, , ,.2,100,0, ,0, , ,05/07/1960,137,30.50,-88.10, , ,"","",155
9979102,JACKSON CO., ,05/26/1960,1300,Tornado,0,F1,0,0,2500,0,AL,CST, , ,C,71, ,0,0, , ,.2,33,0, ,0, , ,05/26/1960,1300,34.70,-86.10, , ,"","",156
9979106,CLARKE CO., ,06/15/1960,2200,Tornado,0,F2,0,0,0,0,AL,CST, , ,C,25, ,0,0, , ,0,33,0, ,0, , ,06/15/1960,2200,31.62,-87.58, , ,"","",157
9979109,BUTLER CO., ,07/04/1960,1750,Tornado,0,F0,0,0,0,0,AL,CST, , ,C,13, ,0,0, , ,0,33,0, ,0, , ,07/04/1960,1750,31.65,-86.60, , ,"","",158
9979110,BUTLER CO., ,07/04/1960,1750,Tornado,0,F0,0,0,0,0,AL,CST, , ,C,13, ,0,0, , ,0,33,0, ,0, , ,07/04/1960,1750,31.65,-86.60, , ,"","",159
9979115,TALLADEGA CO., ,09/16/1960,1320,Tornado,0,F2,0,2,250000,0,AL,CST, , ,C,121, ,0,0, , ,.3,33,0, ,0, , ,09/16/1960,1320,33.18,-86.27, , ,"","",160
9979118,JEFFERSON CO., ,10/08/1960,1427,Tornado,0,F0,0,0,0,0,AL,CST, , ,C,73, ,0,0, , ,0,33,0, ,0, , ,10/08/1960,1427,33.75,-86.63, , ,"","",161
9979120,MARENGO CO., ,02/20/1961,1800,Tornado,0,F1,0,2,25000,0,AL,CST, , ,C,91, ,0,0, , ,1,33,0, ,0, , ,02/20/1961,1800,32.33,-87.77, , ,"","",162
9979121,TUSCALOOSA CO., ,02/22/1961,530,Tornado,0,F2,0,0,250000,0,AL,CST, , ,C,125, ,0,0, , ,1,33,0, ,0, , ,02/22/1961,530,33.20,-87.50, , ,"","",163
9979122,RUSSELL CO., ,02/24/1961,1630,Tornado,0,F2,0,4,25000,0,AL,CST, , ,C,113, ,0,0, , ,25.6,33,0, ,0, , ,02/24/1961,1630,32.23,-85.40,32.38,-85.00,"","",164
9979124,FAYETTE CO., ,03/07/1961,2130,Tornado,0,F3,0,0,250000,0,AL,CST, , ,C,57, ,0,0, , ,15,33,0, ,0, , ,03/07/1961,2130,33.82,-87.90,33.88,-87.65,"","",165
9979125,WALKER CO., ,03/07/1961,2130,Tornado,0,F3,0,1,250000,0,AL,CST, , ,C,127, ,0,0, , ,5.9,33,0, ,0, , ,03/07/1961,2130,33.88,-87.65,33.90,-87.55,"","",166
9979126,CULLMAN CO., ,03/07/1961,2340,Tornado,0,F3,0,0,250000,0,AL,CST, , ,C,43, ,0,0, , ,10.4,200,0, ,0, , ,03/07/1961,2340,34.25,-86.73,34.33,-86.58,"","",167
9979127,MARSHALL CO., ,03/07/1961,2340,Tornado,0,F3,0,8,250000,0,AL,CST, , ,C,95, ,0,0, , ,8.9,200,0, ,0, , ,03/07/1961,2340,34.33,-86.58,34.40,-86.45,"","",168
9979128,TALLAPOOSA CO., ,03/08/1961,400,Tornado,0,F1,0,0,25000,0,AL,CST, , ,C,123, ,0,0, , ,0,33,0, ,0, , ,03/08/1961,400,32.95,-85.97, , ,"","",169
9979132,ESCAMBIA CO., ,03/17/1961,830,Tornado,0,F1,0,0,25000,0,AL,CST, , ,C,53, ,0,0, , ,4.1,33,0, ,0, , ,03/17/1961,830,31.03,-87.48,31.05,-87.42,"","",170
9975784,RUSSELL CO., ,03/31/1961,1310,Tornado,0,F3,0,7,25000,0,AL,CST, , ,C,113, ,0,0, , ,3,167,0, ,0, , ,03/31/1961,1310,32.43,-85.03,32.45,-84.98,"","",171
9975786,COFFEE CO., ,04/09/1961,930,Tornado,0,F1,0,0,250000,0,AL,CST, , ,C,31, ,0,0, , ,54.1,33,0, ,0, , ,04/09/1961,930,31.60,-86.03,31.87,-85.17,"","",172
9975790,PIKE CO., ,04/27/1961,900,Tornado,0,F2,0,2,25000,0,AL,CST, , ,C,109, ,0,0, , ,0,33,0, ,0, , ,04/27/1961,900,31.67,-86.00, , ,"","",173
9975797,MADISON CO., ,06/06/1961,1500,Tornado,0,F1,0,0,2500,0,AL,CST, , ,C,89, ,0,0, , ,0,33,0, ,0, , ,06/06/1961,1500,34.90,-86.40, , ,"","",174
9975798,HOUSTON CO., ,06/20/1961,1330,Tornado,0,F2,0,0,25000,0,AL,CST, , ,C,69, ,0,0, , ,0,33,0, ,0, , ,06/20/1961,1330,31.13,-85.27, , ,"","",175
9975801,MOBILE CO., ,09/10/1961,1455,Tornado,0,F1,0,0,2500,0,AL,CST, , ,C,97, ,0,0, , ,.5,33,0, ,0, , ,09/10/1961,1455,30.37,-88.12, , ,"","",176
9975804,ESCAMBIA CO., ,12/10/1961,730,Tornado,0,F3,0,1,250000,0,AL,CST, , ,C,53, ,0,0, , ,.2,33,0, ,0, , ,12/10/1961,730,31.12,-87.05, , ,"","",177
9975805,CALHOUN CO., ,12/11/1961,1805,Tornado,0,F3,0,0,250000,0,AL,CST, , ,C,15, ,0,0, , ,3.3,200,0, ,0, , ,12/11/1961,1805,33.80,-85.78,33.83,-85.75,"","",178
9975806,HALE CO., ,12/11/1961,1900,Tornado,0,F2,0,0,25000,0,AL,CST, , ,C,65, ,0,0, , ,8.3,150,0, ,0, , ,12/11/1961,1900,32.78,-87.67,32.87,-87.57,"","",179
9975807,PERRY CO., ,12/11/1961,1900,Tornado,0,F3,0,2,250000,0,AL,CST, , ,C,105, ,0,0, , ,9.4,100,0, ,0, , ,12/11/1961,1900,32.63,-87.40,32.68,-87.25,"","",180
9975809,CHILTON CO., ,12/11/1961,2005,Tornado,0,F1,0,0,2500,0,AL,CST, , ,C,21, ,0,0, , ,2,150,0, ,0, , ,12/11/1961,2005,32.90,-86.60, , ,"","",181
9975810,COOSA CO., ,12/11/1961,2100,Tornado,0,F2,0,0,25000,0,AL,CST, , ,C,37, ,0,0, , ,0,33,0, ,0, , ,12/11/1961,2100,33.03,-86.08, , ,"","",182
9975812,SUMTER CO., ,12/12/1961,415,Tornado,0,F2,0,0,25000,0,AL,CST, , ,C,119, ,0,0, , ,24.2,33,0, ,0, , ,12/12/1961,415,32.40,-88.38,32.53,-88.00,"","",183
9975813,CLEBURNE CO., ,12/12/1961,500,Tornado,0,F1,0,0,2500,0,AL,CST, , ,C,29, ,0,0, , ,0,33,0, ,0, , ,12/12/1961,500,33.77,-85.55, , ,"","",184
9975814,PERRY CO., ,12/17/1961,2100,Tornado,0,F2,0,1,25000,0,AL,EST, , ,C,105, ,0,0, , ,5.4,100,0, ,0, , ,12/17/1961,2100,32.60,-87.30,32.63,-87.22,"","",185
9975815,COVINGTON CO., ,01/05/1962,1630,Tornado,0,F2,0,0,2500,0,AL,CST, , ,C,39, ,0,0, , ,0,33,0, ,0, , ,01/05/1962,1630,31.30,-86.50, , ,"","",186
9975816,PIKE CO., ,01/05/1962,1730,Tornado,0,F2,0,0,25000,0,AL,CST, , ,C,109, ,0,0, , ,2,33,0, ,0, , ,01/05/1962,1730,31.75,-86.00, , ,"","",187
9975817,HOUSTON CO., ,01/05/1962,2230,Tornado,0,F1,0,0,25000,0,AL,CST, , ,C,69, ,0,0, , ,5.1,33,0, ,0, , ,01/05/1962,2230,31.30,-85.42,31.35,-85.37,"","",188
9975824,ETOWAH CO., ,03/21/1962,100,Tornado,0,F3,0,10,250000,0,AL,CST, , ,C,55, ,0,0, , ,2.3,250,0, ,0, , ,03/21/1962,100,33.75,-85.82,33.75,-85.78,"","",189
9975826,TALLADEGA CO., ,03/21/1962,125,Tornado,0,F2,0,0,25000,0,AL,CST, , ,C,121, ,0,0, , ,.5,33,0, ,0, , ,03/21/1962,125,33.15,-86.27, , ,"","",190
9975827,CULLMAN CO., ,03/25/1962,1530,Tornado,0,F1,0,0,25000,0,AL,CST, , ,C,43, ,0,0, , ,3.8,33,0, ,0, , ,03/25/1962,1530,34.17,-86.83,34.20,-86.78,"","",191
9975828,MARSHALL CO., ,03/25/1962,1715,Tornado,0,F1,0,0,25000,0,AL,CST, , ,C,95, ,0,0, , ,.5,100,0, ,0, , ,03/25/1962,1715,34.17,-86.33, , ,"","",192
9975834,COLBERT CO., ,03/30/1962,2300,Tornado,0,F1,0,0,25000,0,AL,CST, , ,C,33, ,0,0, , ,0,33,0, ,0, , ,03/30/1962,2300,34.60,-87.68, , ,"","",193
9975836,FAYETTE CO., ,03/31/1962,200,Tornado,0,F2,0,0,25000,0,AL,CST, , ,C,57, ,0,0, , ,0,33,0, ,0, , ,03/31/1962,200,33.70,-87.90, , ,"","",194
9975837,MARION CO., ,03/31/1962,210,Tornado,0,F1,0,0,250000,0,AL,CST, , ,C,93, ,0,0, , ,1,33,0, ,0, , ,03/31/1962,210,33.90,-87.80, , ,"","",195
9975839,BALDWIN CO., ,03/31/1962,800,Tornado,0,F2,0,0,250000,0,AL,CST, , ,C,3, ,0,0, , ,11.9,100,0, ,0, , ,03/31/1962,800,30.30,-87.70,30.37,-87.52,"","",196
9976936,CLARKE CO., ,01/19/1963,1400,Tornado,0,F2,0,0,2500,0,AL,EST, , ,C,25, ,0,0, , ,3.3,33,0, ,0, , ,01/19/1963,1400,31.72,-87.78,31.75,-87.75,"","",197
9976938,COFFEE CO., ,01/20/1963,1500,Tornado,0,F1,0,0,250000,0,AL,CST, , ,C,31, ,0,0, , ,14.1,33,0, ,0, , ,01/20/1963,1500,31.23,-86.05,31.32,-85.83,"","",198
9976939,JEFFERSON CO., ,03/05/1963,1535,Tornado,0,F4,0,35,250000,0,AL,CST, , ,C,73, ,0,0, , ,14.9,667,0, ,0, , ,03/05/1963,1535,33.37,-86.97,33.48,-86.75,"","",199
9976941,CHEROKEE CO., ,03/05/1963,1800,Tornado,0,F1,0,3,25000,0,AL,EST, , ,C,19, ,0,0, , ,7.1,33,0, ,0, , ,03/05/1963,1800,33.98,-85.48,34.07,-85.42,"","",200
9976942,WALKER CO., ,03/11/1963,1400,Tornado,0,F1,0,0,25000,0,AL,CST, , ,C,127, ,0,0, , ,0,33,0, ,0, , ,03/11/1963,1400,33.83,-87.43, , ,"","",201
9976943,PICKENS CO., ,03/11/1963,1400,Tornado,0,F2,0,0,25000,0,AL,CST, , ,C,107, ,0,0, , ,0,440,0, ,0, , ,03/11/1963,1400,33.42,-88.10, , ,"","",202
9976944,CULLMAN CO., ,03/11/1963,1400,Tornado,0,F4,2,6,2500000,0,AL,CST, , ,C,43, ,0,0, , ,28,880,0, ,0, , ,03/11/1963,1400,33.90,-86.90,34.18,-86.55,"","",203
9976947,FRANKLIN CO., ,03/11/1963,1725,Tornado,0,F2,0,0,25000,0,AL,CST, , ,C,59, ,0,0, , ,0,33,0, ,0, , ,03/11/1963,1725,34.60,-88.10, , ,"","",204
9976948,LIMESTONE CO., ,03/11/1963,1740,Tornado,0,F2,1,3,2500000,0,AL,CST, , ,C,83, ,0,0, , ,22.2,33,0, ,0, , ,03/11/1963,1740,34.77,-87.17,34.88,-86.80,"","",205
9976949,MADISON CO., ,03/11/1963,1740,Tornado,0,F2,0,0,2500000,0,AL,CST, , ,C,89, ,0,0, , ,25,33,0, ,0, , ,03/11/1963,1740,34.88,-86.80,34.95,-86.37,"","",206
9976951,MARION CO., ,03/11/1963,2045,Tornado,0,F2,0,4,250000,0,AL,CST, , ,C,93, ,0,0, , ,24.6,333,0, ,0, , ,03/11/1963,2045,34.12,-88.02,34.25,-87.62,"","",207
9976952,WINSTON CO., ,03/11/1963,2045,Tornado,0,F2,0,0,250,0,AL,CST, , ,C,133, ,0,0, , ,7.6,333,0, ,0, , ,03/11/1963,2045,34.25,-87.62,34.30,-87.50,"","",208
9976955,TALLAPOOSA CO., ,03/12/1963,1625,Tornado,0,F1,0,0,25000,0,AL,CST, , ,C,123, ,0,0, , ,9.1,33,0, ,0, , ,03/12/1963,1625,32.87,-85.73,32.90,-85.58,"","",209
9976956,BIBB CO., ,03/17/1963,1000,Tornado,0,F3,0,4,0,0,AL,CST, , ,C,7, ,0,0, , ,2.7,100,0, ,0, , ,03/17/1963,1000,32.93,-87.15,32.95,-87.12,"","",210
9976962,SHELBY CO., ,04/20/1963,1500,Tornado,0,F1,0,0,250,0,AL,CST, , ,C,117, ,0,0, , ,0,33,0, ,0, , ,04/20/1963,1500,33.30,-86.80, , ,"","",211
9976963,SHELBY CO., ,04/29/1963,1500,Tornado,0,F2,0,0,25000,0,AL,CST, , ,C,117, ,0,0, , ,0,33,0, ,0, , ,04/29/1963,1500,33.28,-86.83, , ,"","",212
9976964,TALLADEGA CO., ,04/29/1963,1620,Tornado,0,F2,0,4,25000,0,AL,CST, , ,C,121, ,0,0, , ,0,33,0, ,0, , ,04/29/1963,1620,33.50,-86.08, , ,"","",213
9976966,AUTAUGA CO., ,04/29/1963,1730,Tornado,0,F2,0,0,250000,0,AL,CST, , ,C,1, ,0,0, , ,10.6,600,0, ,0, , ,04/29/1963,1730,32.48,-86.77,32.60,-86.65,"","",214
9976967,LOWNDES CO., ,04/29/1963,1815,Tornado,0,F2,0,0,250000,0,AL,CST, , ,C,85, ,0,0, , ,9.8,400,0, ,0, , ,04/29/1963,1815,32.18,-86.52,32.20,-86.35,"","",215
9976968,MARION CO., ,04/29/1963,1955,Tornado,0,F2,0,17,250000,0,AL,CST, , ,C,93, ,0,0, , ,15.5,33,0, ,0, , ,04/29/1963,1955,34.00,-88.13,34.17,-87.95,"","",216
9976976,RUSSELL CO., ,04/30/1963,600,Tornado,0,F2,0,0,25000,0,AL,CST, , ,C,113, ,0,0, , ,11.7,33,0, ,0, , ,04/30/1963,600,32.45,-85.20,32.45,-85.00,"","",217
9976980,JEFFERSON CO., ,05/27/1963,710,Tornado,0,F2,0,0,25000,0,AL,CST, , ,C,73, ,0,0, , ,0,33,0, ,0, , ,05/27/1963,710,33.47,-86.83, , ,"","",218
9978062,SHELBY CO., ,01/24/1964,1900,Tornado,0,F4,10,6,250000,0,AL,CST, , ,C,117, ,0,0, , ,3.3,100,0, ,0, , ,01/24/1964,1900,33.32,-86.43,33.33,-86.38,"","",219
9978063,DEKALB CO., ,01/24/1964,2100,Tornado,0,F2,0,0,25000,0,AL,CST, , ,C,49, ,0,0, , ,0,33,0, ,0, , ,01/24/1964,2100,34.25,-86.02, , ,"","",220
9978065,FRANKLIN CO., ,03/09/1964,1645,Tornado,0,F3,0,1,250000,0,AL,CST, , ,C,59, ,0,0, , ,10.4,33,0, ,0, , ,03/09/1964,1645,34.50,-87.67,34.60,-87.53,"","",221
9978066,LAUDERDALE CO., ,03/09/1964,1700,Tornado,0,F3,2,2,250000,0,AL,CST, , ,C,77, ,0,0, , ,5.2,33,0, ,0, , ,03/09/1964,1700,34.85,-87.38,34.90,-87.32,"","",222
9978070,WINSTON CO., ,03/25/1964,1545,Tornado,0,F3,0,7,250000,0,AL,CST, , ,C,133, ,0,0, , ,5.4,267,0, ,0, , ,03/25/1964,1545,34.17,-87.27,34.20,-87.18,"","",223
9978071,CHOCTAW CO., ,04/06/1964,600,Tornado,0,F1,0,0,25000,0,AL,CST, , ,C,23, ,0,0, , ,0,33,0, ,0, , ,04/06/1964,600,32.22,-88.10, , ,"","",224
9978072,CULLMAN CO., ,04/07/1964,830,Tornado,0,F2,0,0,250000,0,AL,CST, , ,C,43, ,0,0, , ,5.1,50,0, ,0, , ,04/07/1964,830,34.25,-86.75,34.27,-86.83,"","",225
9978073,DEKALB CO., ,04/07/1964,910,Tornado,0,F2,0,1,250000,0,AL,CST, , ,C,49, ,0,0, , ,3.3,33,0, ,0, , ,04/07/1964,910,34.32,-86.08,34.33,-86.03,"","",226
9978074,DEKALB CO., ,04/07/1964,1000,Tornado,0,F1,0,0,25000,0,AL,CST, , ,C,49, ,0,0, , ,0,33,0, ,0, , ,04/07/1964,1000,34.27,-86.03, , ,"","",227
9978075,MARSHALL CO., ,04/07/1964,1000,Tornado,0,F1,0,0,25000,0,AL,CST, , ,C,95, ,0,0, , ,0,33,0, ,0, , ,04/07/1964,1000,34.32,-86.48, , ,"","",228
9978076,CHEROKEE CO., ,04/07/1964,1030,Tornado,0,F1,0,0,25000,0,AL,CST, , ,C,19, ,0,0, , ,5.4,33,0, ,0, , ,04/07/1964,1030,34.35,-86.60,34.38,-86.52,"","",229
9978086,ST. CLAIR CO., ,04/28/1964,1510,Tornado,0,F1,0,0,25000,0,AL,CST, , ,C,115, ,0,0, , ,0,33,0, ,0, , ,04/28/1964,1510,33.80,-86.20, , ,"","",230
9978088,CALHOUN CO., ,04/28/1964,1545,Tornado,0,F2,0,0,25000,0,AL,CST, , ,C,15, ,0,0, , ,4.3,33,0, ,0, , ,04/28/1964,1545,33.77,-85.92,33.78,-85.85,"","",231
9978089,TALLADEGA CO., ,04/28/1964,1545,Tornado,0,F3,0,1,25000,0,AL,CST, , ,C,121, ,0,0, , ,0,33,0, ,0, , ,04/28/1964,1545,33.60,-86.12, , ,"","",232
9978092,CLEBURNE CO., ,04/28/1964,1700,Tornado,0,F3,0,8,25000,0,AL,CST, , ,C,29, ,0,0, , ,5.1,33,0, ,0, , ,04/28/1964,1700,33.73,-85.42,33.73,-85.33,"","",233
9978093,TALLAPOOSA CO., ,04/28/1964,1740,Tornado,0,F1,0,0,25000,0,AL,CST, , ,C,123, ,0,0, , ,13,33,0, ,0, , ,04/28/1964,1740,32.83,-85.97,32.88,-85.75,"","",234
9978094,LOWNDES CO., ,04/28/1964,1830,Tornado,0,F2,0,0,250000,0,AL,CST, , ,C,85, ,0,0, , ,6.8,33,0, ,0, , ,04/28/1964,1830,32.05,-86.48,31.98,-86.40,"","",235
9978102,TALLADEGA CO., ,07/09/1964,1430,Tornado,0,F2,0,0,25000,0,AL,CST, , ,C,121, ,0,0, , ,0,33,0, ,0, , ,07/09/1964,1430,33.60,-86.12, , ,"","",236
9978107,CONECUH CO., ,10/04/1964,930,Tornado,0,F1,0,0,2500,0,AL,CST, , ,C,35, ,0,0, , ,0,33,0, ,0, , ,10/04/1964,930,31.50,-86.83, , ,"","",237
9978108,BUTLER CO., ,10/04/1964,1020,Tornado,0,F1,0,0,25000,0,AL,CST, , ,C,13, ,0,0, , ,3.3,100,0, ,0, , ,10/04/1964,1020,31.63,-86.77,31.67,-86.73,"","",238
9978109,BARBOUR CO., ,10/04/1964,1500,Tornado,0,F2,0,2,2500,0,AL,CST, , ,C,5, ,0,0, , ,0,33,0, ,0, , ,10/04/1964,1500,31.80,-85.20, , ,"","",239
9978113,BUTLER CO., ,12/24/1964,1935,Tornado,0,F2,0,0,25000,0,AL,CST, , ,C,13, ,0,0, , ,4.9,33,0, ,0, , ,12/24/1964,1935,31.80,-86.88,31.83,-86.82,"","",240
9978116,BALDWIN CO., ,12/24/1964,2115,Tornado,0,F2,0,3,25000,0,AL,CST, , ,C,3, ,0,0, , ,2,100,0, ,0, , ,12/24/1964,2115,30.50,-87.80, , ,"","",241
9978117,COVINGTON CO., ,12/24/1964,2330,Tornado,0,F0,0,0,25000,0,AL,CST, , ,C,39, ,0,0, , ,21,300,0, ,0, , ,12/24/1964,2330,31.10,-86.53,31.28,-86.25,"","",242
9978118,BUTLER CO., ,12/26/1964,1000,Tornado,0,F1,0,0,2500,0,AL,CST, , ,C,13, ,0,0, , ,0,33,0, ,0, , ,12/26/1964,1000,31.70,-86.60, , ,"","",243
9978119,RUSSELL CO., ,12/26/1964,1230,Tornado,0,F2,0,0,25000,0,AL,CST, , ,C,113, ,0,0, , ,0,33,0, ,0, , ,12/26/1964,1230,32.45,-85.18, , ,"","",244
9978120,COLBERT CO., ,02/11/1965,1710,Tornado,0,F2,0,0,25000,0,AL,CST, , ,C,33, ,0,0, , ,0,33,0, ,0, , ,02/11/1965,1710,34.83,-87.65, , ,"","",245
9978122,PICKENS CO., ,02/11/1965,1840,Tornado,0,F3,0,18,250000,0,AL,CST, , ,C,107, ,0,0, , ,1.5,100,0, ,0, , ,02/11/1965,1840,33.20,-88.20, , ,"","",246
9978124,COLBERT CO., ,03/17/1965,730,Tornado,0,F3,0,22,250000,0,AL,CST, , ,C,33, ,0,0, , ,11,33,0, ,0, , ,03/17/1965,730,34.75,-87.67,34.83,-87.50,"","",247
9978125,LAUDERDALE CO., ,03/17/1965,730,Tornado,0,F3,0,0,250000,0,AL,CST, , ,C,77, ,0,0, , ,18.8,33,0, ,0, , ,03/17/1965,730,34.83,-87.50,34.95,-87.20,"","",248
9979210,JACKSON CO., ,04/15/1965,1715,Tornado,0,F3,0,2,250000,0,AL,CST, , ,C,71, ,0,0, , ,3,50,0, ,0, , ,04/15/1965,1715,34.70,-85.75,34.70,-85.70,"","",249
9979211,DEKALB CO., ,04/15/1965,1715,Tornado,0,F3,0,0,250000,0,AL,CST, , ,C,49, ,0,0, , ,6.6,50,0, ,0, , ,04/15/1965,1715,34.70,-85.70,34.70,-85.58,"","",250
9979229,BIBB CO., ,07/24/1965,1330,Tornado,0,F1,0,0,2500,0,AL,CST, , ,C,7, ,0,0, , ,0,100,0, ,0, , ,07/24/1965,1330,33.22,-87.17, , ,"","",251
9979231,MOBILE CO., ,09/10/1965,1,Tornado,0,F0,0,0,0,0,AL,CST, , ,C,97, ,0,0, , ,0,33,0, ,0, , ,09/10/1965,1,30.53,-88.13, , ,"","",252
9979232,CULLMAN CO., ,09/11/1965,2000,Tornado,0,F1,0,0,25000,0,AL,CST, , ,C,43, ,0,0, , ,4.3,33,0, ,0, , ,09/11/1965,2000,34.18,-86.83,34.20,-86.77,"","",253
9979233,CRENSHAW CO., ,09/29/1965,2130,Tornado,0,F2,0,2,25000,0,AL,CST, , ,C,41, ,0,0, , ,0,33,0, ,0, , ,09/29/1965,2130,31.70,-86.22, , ,"","",254
9979237,ST. CLAIR CO., ,11/27/1965,300,Tornado,0,F2,0,0,25000,0,AL,CST, , ,C,115, ,0,0, , ,14.5,33,0, ,0, , ,11/27/1965,300,33.60,-86.50,33.60,-86.25,"","",255
9979241,PICKENS CO., ,03/03/1966,1930,Tornado,0,F5,0,11,250000,0,AL,CST, , ,C,107, ,0,0, , ,40.7,150,0, ,0, , ,03/03/1966,1930,32.82,-88.35,33.20,-87.82,"","",256
9979242,JEFFERSON CO., ,03/03/1966,2000,Tornado,0,F1,0,2,25000,0,AL,CST, , ,C,73, ,0,0, , ,0,33,0, ,0, , ,03/03/1966,2000,33.65,-86.82, , ,"","",257
9979243,TUSCALOOSA CO., ,03/03/1966,2000,Tornado,0,F5,1,3,250000,0,AL,CST, , ,C,125, ,0,0, , ,25.8,150,0, ,0, , ,03/03/1966,2000,33.20,-87.82,33.37,-87.42,"","",258
9979244,JEFFERSON CO., ,04/26/1966,1950,Tornado,0,F0,0,0,0,0,AL,CST, , ,C,73, ,0,0, , ,0,33,0, ,0, , ,04/26/1966,1950,33.75,-86.50, , ,"","",259
9979254,HOUSTON CO., ,07/20/1966,1645,Tornado,0,F1,0,0,25000,0,AL,CST, , ,C,69, ,0,0, , ,1,33,0, ,0, , ,07/20/1966,1645,31.30,-85.35, , ,"","",260
9979255,RUSSELL CO., ,08/12/1966,1715,Tornado,0,F0,0,0,2500,0,AL,CST, , ,C,113, ,0,0, , ,0,33,0, ,0, , ,08/12/1966,1715,32.22,-85.18, , ,"","",261
9979256,CULLMAN CO., ,11/10/1966,815,Tornado,0,F2,0,1,250000,0,AL,CST, , ,C,43, ,0,0, , ,7.6,33,0, ,0, , ,11/10/1966,815,34.23,-86.93,34.28,-86.82,"","",262
9979259,JEFFERSON CO., ,11/10/1966,830,Tornado,0,F1,0,0,25000,0,AL,CST, , ,C,73, ,0,0, , ,0,33,0, ,0, , ,11/10/1966,830,33.50,-87.00, , ,"","",263
9979260,HALE CO., ,11/10/1966,930,Tornado,0,F2,0,0,250000,0,AL,CST, , ,C,65, ,0,0, , ,1,100,0, ,0, , ,11/10/1966,930,33.00,-87.62, , ,"","",264
9979261,BALDWIN CO., ,11/10/1966,1210,Tornado,0,F2,0,0,25000,0,AL,EST, , ,C,3, ,0,0, , ,7.7,33,0, ,0, , ,11/10/1966,1210,31.00,-87.80,31.05,-87.68,"","",265
9979262,LOWNDES CO., ,11/10/1966,1230,Tornado,0,F2,0,0,25000,0,AL,CST, , ,C,85, ,0,0, , ,9.3,50,0, ,0, , ,11/10/1966,1230,32.30,-86.50,32.27,-86.35,"","",266
9979263,PICKENS CO., ,03/06/1967,1430,Tornado,0,F1,0,0,25000,0,AL,CST, , ,C,107, ,0,0, , ,0,33,0, ,0, , ,03/06/1967,1430,33.40,-88.00, , ,"","",267
9979264,WALKER CO., ,03/06/1967,1510,Tornado,0,F1,0,1,25000,0,AL,CST, , ,C,127, ,0,0, , ,0,33,0, ,0, , ,03/06/1967,1510,33.90,-87.30, , ,"","",268
9979265,WALKER CO., ,03/06/1967,1530,Tornado,0,F4,2,25,250000,0,AL,CST, , ,C,127, ,0,0, , ,20.9,440,0, ,0, , ,03/06/1967,1530,33.70,-87.17,33.78,-86.82,"","",269
9979268,PERRY CO., ,03/06/1967,1700,Tornado,0,F2,0,0,2500000,0,AL,CST, , ,C,105, ,0,0, , ,2.3,200,0, ,0, , ,03/06/1967,1700,32.43,-87.53,32.45,-87.50,"","",270
9979269,ST. CLAIR CO., ,03/06/1967,1720,Tornado,0,F2,0,0,25000,0,AL,CST, , ,C,115, ,0,0, , ,0,33,0, ,0, , ,03/06/1967,1720,33.88,-86.20, , ,"","",271
9979270,CHILTON CO., ,03/06/1967,1800,Tornado,0,F1,0,4,25000,0,AL,CST, , ,C,21, ,0,0, , ,0,33,0, ,0, , ,03/06/1967,1800,32.78,-86.88, , ,"","",272
9979274,CALHOUN CO., ,03/06/1967,1900,Tornado,0,F2,0,0,25000,0,AL,CST, , ,C,15, ,0,0, , ,0,33,0, ,0, , ,03/06/1967,1900,33.63,-85.85, , ,"","",273
9976147,JEFFERSON CO., ,05/06/1967,1845,Tornado,0,F3,1,25,2500000,0,AL,CST, , ,C,73, ,0,0, , ,4.3,200,0, ,0, , ,05/06/1967,1845,33.45,-86.83,33.47,-86.77,"","",274
9976158,TALLADEGA CO., ,05/07/1967,440,Tornado,0,F2,0,0,25000,0,AL,CST, , ,C,121, ,0,0, , ,5.2,33,0, ,0, , ,05/07/1967,440,33.40,-86.10,33.43,-86.02,"","",275
9976173,FRANKLIN CO., ,06/21/1967,1300,Tornado,0, ,0,0,250000,0,AL,CST, , ,C,59, ,0,0, , ,0,33,0, ,0, , ,06/21/1967,1300,34.45,-88.15, , ,"","",276
9976178,FRANKLIN CO., ,06/29/1967,1400,Tornado,0,F2,0,0,25000,0,AL,CST, , ,C,59, ,0,0, , ,.5,33,0, ,0, , ,06/29/1967,1400,34.45,-88.15, , ,"","",277
9976184,MOBILE CO., ,07/19/1967,1700,Tornado,0,F1,0,0,250,0,AL,CST, , ,C,97, ,0,0, , ,0,33,0, ,0, , ,07/19/1967,1700,30.63,-88.17, , ,"","",278
9976189,LAUDERDALE CO., ,10/24/1967,1845,Tornado,0,F3,0,1,250000,0,AL,CST, , ,C,77, ,0,0, , ,11.9,100,0, ,0, , ,10/24/1967,1845,34.80,-87.78,34.85,-87.58,"","",279
9976190,COLBERT CO., ,10/24/1967,1900,Tornado,0,F3,0,0,250000,0,AL,CST, , ,C,33, ,0,0, , ,13.1,33,0, ,0, , ,10/24/1967,1900,34.67,-87.67,34.73,-87.45,"","",280
9976191,LAWRENCE CO., ,10/24/1967,1900,Tornado,0,F3,0,3,250000,0,AL,CST, , ,C,79, ,0,0, , ,1.9,33,0, ,0, , ,10/24/1967,1900,34.73,-87.45,34.73,-87.42,"","",281
9976193,BALDWIN CO., ,10/30/1967,930,Tornado,0,F2,0,1,25000,0,AL,CST, , ,C,3, ,0,0, , ,13.1,33,0, ,0, , ,10/30/1967,930,30.25,-87.65,30.40,-87.78,"","",282
9976196,MOBILE CO., ,10/30/1967,1500,Tornado,0,F2,0,0,2500,0,AL,CST, , ,C,97, ,0,0, , ,0,33,0, ,0, , ,10/30/1967,1500,30.33,-88.10, , ,"","",283
9976198,CALHOUN CO., ,11/22/1967,1600,Tornado,0,F2,0,2,250000,0,AL,CST, , ,C,15, ,0,0, , ,3.8,33,0, ,0, , ,11/22/1967,1600,33.65,-85.92,33.68,-85.87,"","",284
9976199,MADISON CO., ,11/24/1967,1305,Tornado,0,F2,0,7,250000,0,AL,CST, , ,C,89, ,0,0, , ,6.6,83,0, ,0, , ,11/24/1967,1305,34.72,-86.58,34.67,-86.48,"","",285
9976202,MONROE CO., ,12/02/1967,1545,Tornado,0,F2,0,0,250000,0,AL,CST, , ,C,99, ,0,0, , ,1,300,0, ,0, , ,12/02/1967,1545,31.43,-87.40, , ,"","",286
9976205,BALDWIN CO., ,12/10/1967,410,Tornado,0,F2,0,0,250000,0,AL,CST, , ,C,3, ,0,0, , ,14.2,33,0, ,0, , ,12/10/1967,410,30.30,-87.77,30.33,-87.53,"","",287
9977279,MADISON CO., ,12/18/1967,325,Tornado,0,F2,0,27,2500000,0,AL,CST, , ,C,89, ,0,0, , ,20.2,300,0, ,0, , ,12/18/1967,325,34.58,-86.68,34.83,-86.50,"","",288
9977278,MORGAN CO., ,12/18/1967,325,Tornado,0,F2,2,0,2500000,0,AL,CST, , ,C,103, ,0,0, , ,2.7,300,0, ,0, , ,12/18/1967,325,34.55,-86.70,34.58,-86.68,"","",289
9977281,SUMTER CO., ,12/18/1967,625,Tornado,0,F3,0,0,25000,0,AL,CST, , ,C,119, ,0,0, , ,7.6,33,0, ,0, , ,12/18/1967,625,32.43,-88.15,32.50,-88.05,"","",290
9977282,JEFFERSON CO., ,12/19/1967,500,Tornado,0,F2,0,0,25000,0,AL,CST, , ,C,73, ,0,0, , ,2,33,0, ,0, , ,12/19/1967,500,33.60,-86.80, , ,"","",291
9977284,MADISON CO., ,12/21/1967,1930,Tornado,0,F1,0,1,250000,0,AL,CST, , ,C,89, ,0,0, , ,12.6,33,0, ,0, , ,12/21/1967,1930,34.70,-86.67,34.80,-86.48,"","",292
9977285,DALE CO., ,01/23/1968,1630,Tornado,0,F1,0,0,250000,0,AL,CST, , ,C,45, ,0,0, , ,11.8,200,0, ,0, , ,01/23/1968,1630,31.60,-85.70,31.67,-85.52,"","",293
9977294,COLBERT CO., ,04/04/1968,1000,Tornado,0,F1,0,0,250000,0,AL,CST, , ,C,33, ,0,0, , ,14.4,33,0, ,0, , ,04/04/1968,1000,34.77,-87.65,34.85,-87.42,"","",294
9977298,MARSHALL CO., ,04/04/1968,1300,Tornado,0,F2,0,0,250000,0,AL,CST, , ,C,95, ,0,0, , ,4.1,33,0, ,0, , ,04/04/1968,1300,34.27,-86.20,34.28,-86.13,"","",295
9977310,COLBERT CO., ,05/14/1968,1845,Tornado,0,F1,0,0,250,0,AL,CST, , ,C,33, ,0,0, , ,2,33,0, ,0, , ,05/14/1968,1845,34.77,-87.72, , ,"","",296
9977320,ESCAMBIA CO., ,05/27/1968,1630,Tornado,0, ,0,0,2500,0,AL,CST, , ,C,53, ,0,0, , ,0,33,0, ,0, , ,05/27/1968,1630,31.23,-87.47, , ,"","",297
9977325,LAWRENCE CO., ,05/29/1968,1730,Tornado,0,F2,0,0,250000,0,AL,CST, , ,C,79, ,0,0, , ,2,33,0, ,0, , ,05/29/1968,1730,34.48,-87.43, , ,"","",298
9978431,MOBILE CO., ,11/03/1968,1755,Tornado,0,F3,0,14,250000,0,AL,CST, , ,C,97, ,0,0, , ,12.2,400,0, ,0, , ,11/03/1968,1755,30.77,-88.12,30.90,-87.98,"","",299
9978432,BALDWIN CO., ,11/03/1968,1815,Tornado,0,F3,0,4,250000,0,AL,CST, , ,C,3, ,0,0, , ,11.9,400,0, ,0, , ,11/03/1968,1815,30.90,-87.98,30.88,-87.78,"","",300
9978433,BALDWIN CO., ,11/03/1968,1914,Tornado,0,F3,0,0,250000,0,AL,CST, , ,C,3, ,0,0, , ,12.8,400,0, ,0, , ,11/03/1968,1914,30.88,-87.78,31.00,-87.62,"","",301
9978434,ESCAMBIA CO., ,11/03/1968,2030,Tornado,0,F3,0,0,250000,0,AL,CST, , ,C,53, ,0,0, , ,33.5,400,0, ,0, , ,11/03/1968,2030,31.00,-87.62,31.12,-87.07,"","",302
9978435,CHOCTAW CO., ,11/17/1968,1130,Tornado,0,F2,0,2,25000,0,AL,CST, , ,C,23, ,0,0, , ,11.5,33,0, ,0, , ,11/17/1968,1130,31.97,-88.37,32.10,-88.25,"","",303
9978436,CHILTON CO., ,11/17/1968,1245,Tornado,0,F3,1,24,2500000,0,AL,CST, , ,C,21, ,0,0, , ,18.3,400,0, ,0, , ,11/17/1968,1245,32.90,-86.75,32.82,-86.45,"","",304
9978437,COOSA CO., ,11/17/1968,1245,Tornado,0,F3,0,0,2500000,0,AL,CST, , ,C,37, ,0,0, , ,14,400,0, ,0, , ,11/17/1968,1245,32.82,-86.45,32.87,-86.22,"","",305
9978443,SHELBY CO., ,12/27/1968,2330,Tornado,0,F2,0,2,250000,0,AL,CST, , ,C,117, ,0,0, , ,5.6,33,0, ,0, , ,12/27/1968,2330,33.10,-86.85,33.13,-86.77,"","",306
9978451,PIKE CO., ,04/18/1969,30,Tornado,0, ,0,0,250000,0,AL,CST, , ,C,109, ,0,0, , ,2.5,33,0, ,0, , ,04/18/1969,30,31.80,-86.00, , ,"","",307
9978452,BUTLER CO., ,04/18/1969,230,Tornado,0,F4,2,11,250000,0,AL,CST, , ,C,13, ,0,0, , ,12.8,500,0, ,0, , ,04/18/1969,230,31.83,-86.63,31.93,-86.45,"","",308
9978453,CRENSHAW CO., ,04/18/1969,230,Tornado,0,F4,0,0,250000,0,AL,CST, , ,C,41, ,0,0, , ,32.8,500,0, ,0, , ,04/18/1969,230,31.93,-86.45,32.22,-86.00,"","",309
9978454,BULLOCK CO., ,04/18/1969,245,Tornado,0,F4,0,3,250000,0,AL,CST, , ,C,11, ,0,0, , ,6.8,500,0, ,0, , ,04/18/1969,245,32.22,-86.00,32.22,-85.88,"","",310
9978459,JEFFERSON CO., ,05/17/1969,1715,Tornado,0,F1,0,0,25000,0,AL,CST, , ,C,73, ,0,0, , ,0,33,0, ,0, , ,05/17/1969,1715,33.48,-86.80, , ,"","",311
9978461,PIKE CO., ,05/17/1969,1810,Tornado,0,F1,0,0,2500,0,AL,CST, , ,C,109, ,0,0, , ,7.1,33,0, ,0, , ,05/17/1969,1810,31.72,-85.97,31.80,-85.90,"","",312
9978462,CRENSHAW CO., ,05/18/1969,730,Tornado,0,F2,0,0,25000,0,AL,CST, , ,C,41, ,0,0, , ,6.4,33,0, ,0, , ,05/18/1969,730,31.55,-86.23,31.58,-86.13,"","",313
9978463,BULLOCK CO., ,05/18/1969,930,Tornado,0,F1,0,0,25000,0,AL,CST, , ,C,11, ,0,0, , ,0,33,0, ,0, , ,05/18/1969,930,32.00,-85.70, , ,"","",314
9978464,CULLMAN CO., ,05/18/1969,1000,Tornado,0,F1,0,0,25000,0,AL,CST, , ,C,43, ,0,0, , ,.5,50,0, ,0, , ,05/18/1969,1000,34.17,-86.90, , ,"","",315
9978487,WASHINGTON CO., ,06/29/1969,1555,Tornado,0,F0,0,0,2500,0,AL,CST, , ,C,129, ,0,0, , ,0,33,0, ,0, , ,06/29/1969,1555,31.48,-88.03, , ,"","",316
9978491,BALDWIN CO., ,07/08/1969,1730,Tornado,0,F0,0,0,250,0,AL,CST, , ,C,3, ,0,0, , ,0,33,0, ,0, , ,07/08/1969,1730,30.70,-87.80, , ,"","",317
9979568,MOBILE CO., ,07/27/1969,1530,Tornado,0,F1,0,0,25000,0,AL,CST, , ,C,97, ,0,0, , ,.3,37,0, ,0, , ,07/27/1969,1530,30.60,-88.15, , ,"","",318
9979574,BALDWIN CO., ,08/22/1969,1615,Tornado,0,F1,0,0,30,0,AL,CST, , ,C,3, ,0,0, , ,0,33,0, ,0, , ,08/22/1969,1615,30.70,-87.90, , ,"","",319
9979576,ETOWAH CO., ,12/30/1969,1345,Tornado,0,F2,0,2,250000,0,AL,CST, , ,C,55, ,0,0, , ,7.1,100,0, ,0, , ,12/30/1969,1345,33.90,-86.00,34.00,-86.02,"","",320
9979575,CALHOUN CO., ,12/30/1969,1345,Tornado,0,F2,0,0,250000,0,AL,CST, , ,C,15, ,0,0, , ,8.6,100,0, ,0, , ,12/30/1969,1345,33.78,-86.05,33.90,-86.00,"","",321
9979580,WASHINGTON CO., ,03/03/1970,1500,Tornado,0,F2,0,0,25000,0,AL,CST, , ,C,129, ,0,0, , ,0,33,0, ,0, , ,03/03/1970,1500,31.47,-88.25, , ,"","",322
9979584,HALE CO., ,03/19/1970,600,Tornado,0,F2,0,0,25000,0,AL,CST, , ,C,65, ,0,0, , ,1,33,0, ,0, , ,03/19/1970,600,32.70,-87.60, , ,"","",323
9979587,CHAMBERS CO., ,03/19/1970,2308,Tornado,0,F3,2,14,250000,0,AL,CST, , ,C,17, ,0,0, , ,2,200,0, ,0, , ,03/19/1970,2308,32.83,-85.20, , ,"","",324
9979588,CONECUH CO., ,03/30/1970,1030,Tornado,0,F1,0,0,250,0,AL,CST, , ,C,35, ,0,0, , ,0,33,0, ,0, , ,03/30/1970,1030,31.28,-87.17, , ,"","",325
9979597,ETOWAH CO., ,04/02/1970,120,Tornado,0,F2,0,0,250000,0,AL,CST, , ,C,55, ,0,0, , ,6.1,200,0, ,0, , ,04/02/1970,120,33.95,-85.95,34.00,-85.87,"","",326
9979598,DALLAS CO., ,04/02/1970,230,Tornado,0,F2,0,0,250000,0,AL,CST, , ,C,47, ,0,0, , ,5.6,300,0, ,0, , ,04/02/1970,230,32.67,-86.92,32.70,-86.83,"","",327
9979602,MADISON CO., ,04/24/1970,630,Tornado,0,F2,0,0,0,0,AL,CST, , ,C,89, ,0,0, , ,.5,33,0, ,0, , ,04/24/1970,630,34.75,-86.60, , ,"","",328
9979603,MADISON CO., ,04/26/1970,800,Tornado,0,F1,0,0,25000,0,AL,CST, , ,C,89, ,0,0, , ,8.6,50,0, ,0, , ,04/26/1970,800,34.95,-86.65,34.95,-86.50,"","",329
9979604,SHELBY CO., ,04/26/1970,935,Tornado,0,F1,0,0,25000,0,AL,CST, , ,C,117, ,0,0, , ,3.3,300,0, ,0, , ,04/26/1970,935,33.40,-86.40,33.42,-86.35,"","",330
9979607,RANDOLPH CO., ,04/26/1970,1300,Tornado,0,F2,0,2,25000,0,AL,CST, , ,C,111, ,0,0, , ,1,33,0, ,0, , ,04/26/1970,1300,33.25,-85.52, , ,"","",331
9979613,BALDWIN CO., ,06/02/1970,730,Tornado,0,F2,0,0,25000,0,AL,CST, , ,C,3, ,0,0, , ,0,33,0, ,0, , ,06/02/1970,730,30.60,-87.88, , ,"","",332
9979620,CULLMAN CO., ,06/21/1970,1900,Tornado,0,F2,0,0,250000,0,AL,CST, , ,C,43, ,0,0, , ,3.8,33,0, ,0, , ,06/21/1970,1900,34.10,-86.87,34.13,-86.82,"","",333
9979623,CLARKE CO., ,07/04/1970,1535,Tornado,0,F0,0,0,250,0,AL,CST, , ,C,25, ,0,0, , ,0,33,0, ,0, , ,07/04/1970,1535,31.63,-87.85, , ,"","",334
9979631,MORGAN CO., ,08/01/1970,1845,Tornado,0,F1,0,0,25000,0,AL,CST, , ,C,103, ,0,0, , ,0,33,0, ,0, , ,08/01/1970,1845,34.55,-86.87, , ,"","",335
9976285,BLOUNT CO., ,01/25/1971,1500,Tornado,0,F0,0,0,25000,0,AL,CST, , ,C,9, ,0,0, , ,2,33,0, ,0, , ,01/25/1971,1500,33.97,-86.62, , ,"","",336
9976286,CLEBURNE CO., ,01/25/1971,1615,Tornado,0,F1,0,0,25000,0,AL,CST, , ,C,29, ,0,0, , ,1,33,0, ,0, , ,01/25/1971,1615,33.63,-85.60, , ,"","",337
9976287,MARION CO., ,02/04/1971,1945,Tornado,0,F3,0,12,25000,0,AL,CST, , ,C,93, ,0,0, , ,24.5,750,0, ,0, , ,02/04/1971,1945,34.03,-87.95,34.30,-87.67,"","",338
9976288,FRANKLIN CO., ,02/04/1971,2015,Tornado,0,F3,1,1,25000,0,AL,CST, , ,C,59, ,0,0, , ,9.6,750,0, ,0, , ,02/04/1971,2015,34.30,-87.67,34.38,-87.53,"","",339
9976293,MOBILE CO., ,02/12/1971,855,Tornado,0,F1,0,0,25000,0,AL,CST, , ,C,97, ,0,0, , ,1,33,0, ,0, , ,02/12/1971,855,30.82,-88.37, , ,"","",340
9976302,GREENE CO., ,02/26/1971,1100,Tornado,0,F3,0,0,250000,0,AL,CST, , ,C,63, ,0,0, , ,4.3,50,0, ,0, , ,02/26/1971,1100,32.82,-87.93,32.83,-87.87,"","",341
9976304,JEFFERSON CO., ,02/26/1971,1230,Tornado,0,F1,3,0,25000,0,AL,CST, , ,C,73, ,0,0, , ,2,50,0, ,0, , ,02/26/1971,1230,33.57,-86.67, , ,"","",342
9976306,RANDOLPH CO., ,02/26/1971,1400,Tornado,0,F0,0,0,25000,0,AL,CST, , ,C,111, ,0,0, , ,0,33,0, ,0, , ,02/26/1971,1400,33.13,-85.38, , ,"","",343
9976307,CHAMBERS CO., ,02/26/1971,1405,Tornado,0,F1,0,0,25000,0,AL,CST, , ,C,17, ,0,0, , ,7.3,50,0, ,0, , ,02/26/1971,1405,32.65,-85.57,32.68,-85.45,"","",344
9976311,HOUSTON CO., ,03/01/1971,1615,Tornado,0,F2,0,0,25000,0,AL,CST, , ,C,69, ,0,0, , ,0,33,0, ,0, , ,03/01/1971,1615,31.22,-85.40, , ,"","",345
9976313,PIKE CO., ,03/02/1971,1000,Tornado,0,F3,0,0,25000,0,AL,CST, , ,C,109, ,0,0, , ,23.8,33,0, ,0, , ,03/02/1971,1000,31.68,-85.97,31.73,-85.57,"","",346
9976314,CLARKE CO., ,03/02/1971,2120,Tornado,0,F3,0,0,250000,0,AL,CST, , ,C,25, ,0,0, , ,4.9,100,0, ,0, , ,03/02/1971,2120,31.90,-87.82,31.92,-87.73,"","",347
9976315,PIKE CO., ,03/03/1971,400,Tornado,0,F3,0,0,25000,0,AL,CST, , ,C,109, ,0,0, , ,2,33,0, ,0, , ,03/03/1971,400,31.72,-85.82, , ,"","",348
9976319,JEFFERSON CO., ,03/06/1971,1630,Tornado,0,F2,0,2,25000,0,AL,CST, , ,C,73, ,0,0, , ,4.9,300,0, ,0, , ,03/06/1971,1630,33.68,-86.60,33.72,-86.53,"","",349
9976341,PIKE CO., ,04/23/1971,1115,Tornado,0,F1,0,0,250,0,AL,CST, , ,C,109, ,0,0, , ,1,200,0, ,0, , ,04/23/1971,1115,31.87,-86.05, , ,"","",350
9976342,MONROE CO., ,04/23/1971,1140,Tornado,0,F4,0,0,25000,0,AL,CST, , ,C,99, ,0,0, , ,25.4,300,0, ,0, , ,04/23/1971,1140,31.50,-87.30,31.77,-87.00,"","",351
9977457,ETOWAH CO., ,06/15/1971,1315,Tornado,0,F1,0,0,2500,0,AL,CST, , ,C,55, ,0,0, , ,.5,33,0, ,0, , ,06/15/1971,1315,34.05,-86.05, , ,"","",352
9977477,WASHINGTON CO., ,09/16/1971,1330,Tornado,0,F2,0,0,25000,0,AL,CST, , ,C,129, ,0,0, , ,5.7,200,0, ,0, , ,09/16/1971,1330,31.37,-88.25,31.40,-88.17,"","",353
9977478,WASHINGTON CO., ,09/16/1971,1500,Tornado,0,F1,0,0,25000,0,AL,CST, , ,C,129, ,0,0, , ,2,200,0, ,0, , ,09/16/1971,1500,31.53,-88.28, , ,"","",354
9977479,BALDWIN CO., ,09/16/1971,1525,Tornado,0,F1,0,0,250000,0,AL,CST, , ,C,3, ,0,0, , ,8.7,100,0, ,0, , ,09/16/1971,1525,31.03,-87.65,31.08,-87.52,"","",355
9977480,BALDWIN CO., ,09/16/1971,1622,Tornado,0,F2,0,0,250000,0,AL,CST, , ,C,3, ,0,0, , ,1,150,0, ,0, , ,09/16/1971,1622,30.53,-87.85, , ,"","",356
9977481,COFFEE CO., ,09/17/1971,35,Tornado,0,F3,0,0,25000,0,AL,CST, , ,C,31, ,0,0, , ,.3,100,0, ,0, , ,09/17/1971,35,31.42,-86.17, , ,"","",357
9977483,MONROE CO., ,12/20/1971,330,Tornado,0,F3,0,1,250000,0,AL,CST, , ,C,99, ,0,0, , ,1,100,0, ,0, , ,12/20/1971,330,31.30,-87.52, , ,"","",358
9977484,MARENGO CO., ,01/04/1972,315,Tornado,0,F2,0,0,250000,0,AL,CST, , ,C,91, ,0,0, , ,1,100,0, ,0, , ,01/04/1972,315,32.30,-87.78, , ,"","",359
9977485,CHAMBERS CO., ,01/10/1972,1030,Tornado,0,F2,0,0,25000,0,AL,CST, , ,C,17, ,0,0, , ,4.5,50,0, ,0, , ,01/10/1972,1030,32.73,-85.58,32.78,-85.55,"","",360
9977486,COFFEE CO., ,01/13/1972,100,Tornado,0,F2,0,0,250000,0,AL,CST, , ,C,31, ,0,0, , ,1.1,100,0, ,0, , ,01/13/1972,100,31.32,-85.80,31.33,-85.80,"","",361
9977487,DALE CO., ,01/13/1972,100,Tornado,0,F2,4,88,250000,0,AL,CST, , ,C,45, ,0,0, , ,5.2,100,0, ,0, , ,01/13/1972,100,31.33,-85.80,31.38,-85.73,"","",362
9977488,HENRY CO., ,01/13/1972,215,Tornado,0,F3,0,2,250000,0,AL,CST, , ,C,67, ,0,0, , ,8.4,200,0, ,0, , ,01/13/1972,215,31.60,-85.40,31.72,-85.37,"","",363
9977489,BARBOUR CO., ,01/13/1972,215,Tornado,0,F3,0,0,250000,0,AL,CST, , ,C,5, ,0,0, , ,8.4,200,0, ,0, , ,01/13/1972,215,31.72,-85.37,31.83,-85.33,"","",364
9978347,WASHINGTON CO., ,03/02/1972,700,Tornado,0,F2,0,0,2500,0,AL,CST, , ,C,129, ,0,0, , ,8,33,0, ,0, , ,03/02/1972,700,31.43,-88.05,31.53,-87.98,"","",365
9978565,ESCAMBIA CO., ,03/02/1972,745,Tornado,0,F2,0,0,2500,0,AL,CST, , ,C,53, ,0,0, , ,4.7,33,0, ,0, , ,03/02/1972,745,31.00,-87.48,31.03,-87.42,"","",366
9978577,MOBILE CO., ,03/18/1972,1500,Tornado,0,F1,0,0,25000,0,AL,CST, , ,C,97, ,0,0, , ,1,60,0, ,0, , ,03/18/1972,1500,30.55,-88.17, , ,"","",367
9978587,DALLAS CO., ,04/22/1972,340,Tornado,0,F2,0,0,25000,0,AL,CST, , ,C,47, ,0,0, , ,5.7,200,0, ,0, , ,04/22/1972,340,32.10,-87.13,32.17,-87.08,"","",368
9978590,ESCAMBIA CO., ,06/08/1972,1400,Tornado,0,F2,0,0,25000,0,AL,CST, , ,C,53, ,0,0, , ,.1,30,0, ,0, , ,06/08/1972,1400,31.02,-87.48, , ,"","",369
9978599,MARSHALL CO., ,06/27/1972,845,Tornado,0,F2,0,2,25000,0,AL,CST, , ,C,95, ,0,0, , ,.3,40,0, ,0, , ,06/27/1972,845,34.32,-86.50, , ,"","",370
9978608,PIKE CO., ,07/03/1972,2230,Tornado,0,F2,0,0,250000,0,AL,CST, , ,C,109, ,0,0, , ,.3,200,0, ,0, , ,07/03/1972,2230,31.80,-85.98, , ,"","",371
9978613,JEFFERSON CO., ,10/27/1972,1345,Tornado,0,F2,0,0,250000,0,AL,CST, , ,C,73, ,0,0, , ,17.1,50,0, ,0, , ,10/27/1972,1345,33.52,-86.92,33.75,-86.82,"","",372
9978615,BALDWIN CO., ,11/13/1972,1440,Tornado,0,F2,0,0,25000,0,AL,CST, , ,C,3, ,0,0, , ,1,200,0, ,0, , ,11/13/1972,1440,30.62,-87.70, , ,"","",373
9978616,ESCAMBIA CO., ,12/15/1972,700,Tornado,0,F2,0,3,2500,0,AL,CST, , ,C,53, ,0,0, , ,1,50,0, ,0, , ,12/15/1972,700,31.03,-87.05, , ,"","",374
9978618,MARSHALL CO., ,01/26/1973,1545,Tornado,0,F2,0,0,25000,0,AL,CST, , ,C,95, ,0,0, , ,0,33,0, ,0, , ,01/26/1973,1545,34.33,-86.07, , ,"","",375
9978624,CHILTON CO., ,03/16/1973,730,Tornado,0,F2,0,0,250000,0,AL,CST, , ,C,21, ,0,0, , ,9.7,77,0, ,0, , ,03/16/1973,730,32.70,-86.50,32.80,-86.38,"","",376
9978625,SUMTER CO., ,03/16/1973,1020,Tornado,0,F1,0,0,250000,0,AL,CST, , ,C,119, ,0,0, , ,1,100,0, ,0, , ,03/16/1973,1020,32.67,-88.18, , ,"","",377
9978626,HALE CO., ,03/16/1973,1030,Tornado,0,F2,0,0,25000,0,AL,CST, , ,C,65, ,0,0, , ,4.5,100,0, ,0, , ,03/16/1973,1030,32.90,-87.67,32.92,-87.60,"","",378
9978627,HALE CO., ,03/16/1973,1100,Tornado,0,F2,0,0,250000,0,AL,CST, , ,C,65, ,0,0, , ,9.5,33,0, ,0, , ,03/16/1973,1100,32.62,-87.67,32.67,-87.52,"","",379
9978628,SHELBY CO., ,03/16/1973,1210,Tornado,0,F2,0,5,250000,0,AL,CST, , ,C,117, ,0,0, , ,4.3,33,0, ,0, , ,03/16/1973,1210,33.28,-86.82,33.30,-86.75,"","",380
9978629,ST. CLAIR CO., ,03/16/1973,1230,Tornado,0,F1,0,0,250000,0,AL,CST, , ,C,115, ,0,0, , ,1,33,0, ,0, , ,03/16/1973,1230,33.58,-86.28, , ,"","",381
9975926,COFFEE CO., ,04/18/1973,1700,Tornado,0,F2,0,14,2500000,0,AL,CST, , ,C,31, ,0,0, , ,1,100,0, ,0, , ,04/18/1973,1700,31.42,-86.07, , ,"","",382
9975927,SHELBY CO., ,04/24/1973,1720,Tornado,0,F1,0,0,250000,0,AL,CST, , ,C,117, ,0,0, , ,4.7,800,0, ,0, , ,04/24/1973,1720,33.23,-86.43,33.27,-86.37,"","",383
9975940,MARENGO CO., ,05/07/1973,1340,Tornado,0,F1,0,0,25000,0,AL,CST, , ,C,91, ,0,0, , ,1,400,0, ,0, , ,05/07/1973,1340,32.52,-87.83, , ,"","",384
9975941,WALKER CO., ,05/08/1973,305,Tornado,0,F2,0,0,250000,0,AL,CST, , ,C,127, ,0,0, , ,2,500,0, ,0, , ,05/08/1973,305,33.98,-87.38, , ,"","",385
9975943,MARSHALL CO., ,05/08/1973,410,Tornado,0,F2,0,0,2500000,0,AL,CST, , ,C,95, ,0,0, , ,9.2,900,0, ,0, , ,05/08/1973,410,34.28,-86.28,34.33,-86.13,"","",386
9975944,DEKALB CO., ,05/08/1973,410,Tornado,0,F2,2,12,2500000,0,AL,CST, , ,C,49, ,0,0, , ,19.9,900,0, ,0, , ,05/08/1973,410,34.33,-86.13,34.48,-85.83,"","",387
9975946,MONROE CO., ,05/08/1973,657,Tornado,0,F1,0,2,250000,0,AL,CST, , ,C,99, ,0,0, , ,0,33,0, ,0, , ,05/08/1973,657,31.42,-87.43, , ,"","",388
9975961,MADISON CO., ,05/19/1973,1440,Tornado,0,F2,0,10,250000,0,AL,CST, , ,C,89, ,0,0, , ,2,500,0, ,0, , ,05/19/1973,1440,34.95,-86.55, , ,"","",389
9975962,JACKSON CO., ,05/19/1973,1615,Tornado,0,F2,0,9,2500000,0,AL,CST, , ,C,71, ,0,0, , ,14.9,900,0, ,0, , ,05/19/1973,1615,34.67,-86.03,34.60,-85.78,"","",390
9975963,DEKALB CO., ,05/19/1973,1615,Tornado,0,F2,0,0,2500,0,AL,CST, , ,C,49, ,0,0, , ,3.6,900,0, ,0, , ,05/19/1973,1615,34.60,-85.78,34.55,-85.77,"","",391
9975966,DEKALB CO., ,05/19/1973,1845,Tornado,0,F4,0,19,2500000,0,AL,CST, , ,C,49, ,0,0, , ,5.4,400,0, ,0, , ,05/19/1973,1845,34.47,-85.75,34.50,-85.67,"","",392
9975987,PIKE CO., ,05/25/1973,1225,Tornado,0,F1,0,0,25000,0,AL,CST, , ,C,109, ,0,0, , ,0,33,0, ,0, , ,05/25/1973,1225,31.67,-86.07, , ,"","",393
9975988,DALE CO., ,05/25/1973,1308,Tornado,0,F1,0,0,25000,0,AL,CST, , ,C,45, ,0,0, , ,1,400,0, ,0, , ,05/25/1973,1308,31.30,-85.50, , ,"","",394
9976848,MARSHALL CO., ,05/27/1973,1330,Tornado,0,F2,0,3,250000,0,AL,CST, , ,C,95, ,0,0, , ,31.5,500,0, ,0, , ,05/27/1973,1330,34.30,-86.62,34.58,-86.18,"","",395
9977063,JACKSON CO., ,05/27/1973,1415,Tornado,0,F2,0,4,250000,0,AL,CST, , ,C,71, ,0,0, , ,4.3,500,0, ,0, , ,05/27/1973,1415,34.60,-85.98,34.62,-85.92,"","",396
9977066,JEFFERSON CO., ,05/27/1973,1456,Tornado,0,F2,0,3,250000,0,AL,CST, , ,C,73, ,0,0, , ,1,500,0, ,0, , ,05/27/1973,1456,33.40,-87.08, , ,"","",397
9977069,ST. CLAIR CO., ,05/27/1973,1535,Tornado,0,F2,0,0,250000,0,AL,CST, , ,C,115, ,0,0, , ,8.4,500,0, ,0, , ,05/27/1973,1535,33.70,-86.40,33.75,-86.27,"","",398
9977072,HALE CO., ,05/27/1973,1720,Tornado,0,F4,1,72,25000000,0,AL,CST, , ,C,65, ,0,0, , ,26,800,0, ,0, , ,05/27/1973,1720,32.53,-87.80,32.78,-87.47,"","",399
9977074,JEFFERSON CO., ,05/27/1973,1750,Tornado,0,F3,1,44,25000000,0,AL,CST, , ,C,73, ,0,0, , ,13.5,800,0, ,0, , ,05/27/1973,1750,33.57,-86.70,33.72,-86.55,"","",400
9977075,ST. CLAIR CO., ,05/27/1973,1750,Tornado,0,F3,0,0,25000000,0,AL,CST, , ,C,115, ,0,0, , ,28.1,800,0, ,0, , ,05/27/1973,1750,33.72,-86.55,33.95,-86.15,"","",401
9977077,PERRY CO., ,05/27/1973,1800,Tornado,0,F4,0,0,25000000,0,AL,CST, , ,C,105, ,0,0, , ,11.2,800,0, ,0, , ,05/27/1973,1800,32.78,-87.47,32.83,-87.28,"","",402
9977079,BIBB CO., ,05/27/1973,1816,Tornado,0,F4,5,47,25000000,0,AL,CST, , ,C,7, ,0,0, , ,26.7,800,0, ,0, , ,05/27/1973,1816,32.83,-87.28,33.08,-86.93,"","",403
9977080,SHELBY CO., ,05/27/1973,1900,Tornado,0,F4,1,63,25000000,0,AL,CST, , ,C,117, ,0,0, , ,30.2,800,0, ,0, , ,05/27/1973,1900,33.08,-86.93,33.25,-86.45,"","",404
9977081,TALLADEGA CO., ,05/27/1973,1920,Tornado,0,F4,0,17,25000000,0,AL,CST, , ,C,121, ,0,0, , ,34.6,33,0, ,0, , ,05/27/1973,1920,33.25,-86.45,33.45,-85.90,"","",405
9977082,CLAY CO., ,05/27/1973,1920,Tornado,0,F4,0,0,25000000,0,AL,CST, , ,C,27, ,0,0, , ,10.4,33,0, ,0, , ,05/27/1973,1920,33.45,-85.90,33.53,-85.75,"","",406
9977097,BUTLER CO., ,06/17/1973,1245,Tornado,0,F1,0,0,0,0,AL,CST, , ,C,13, ,0,0, , ,0,33,0, ,0, , ,06/17/1973,1245,31.53,-86.70, , ,"","",407
9977105,MOBILE CO., ,07/03/1973,1345,Tornado,0,F0,0,0,2500,0,AL,CST, , ,C,97, ,0,0, , ,.1,50,0, ,0, , ,07/03/1973,1345,30.73,-88.05, , ,"","",408
9977107,MOBILE CO., ,07/10/1973,1700,Tornado,0,F0,0,0,25000,0,AL,CST, , ,C,97, ,0,0, , ,.1,50,0, ,0, , ,07/10/1973,1700,30.60,-88.20, , ,"","",409
9977120,CRENSHAW CO., ,11/20/1973,1500,Tornado,0,F2,0,0,25000,0,AL,CST, , ,C,41, ,0,0, , ,0,33,0, ,0, , ,11/20/1973,1500,31.72,-86.27, , ,"","",410
9977121,CHAMBERS CO., ,11/21/1973,745,Tornado,0,F1,0,0,25000,0,AL,CST, , ,C,17, ,0,0, , ,0,33,0, ,0, , ,11/21/1973,745,32.82,-85.18, , ,"","",411
9977123,WINSTON CO., ,11/26/1973,1620,Tornado,0,F2,0,0,25000,0,AL,CST, , ,C,133, ,0,0, , ,0,33,0, ,0, , ,11/26/1973,1620,34.05,-87.12, , ,"","",412
9977124,LAMAR CO., ,11/26/1973,1638,Tornado,0,F1,0,0,0,0,AL,CST, , ,C,75, ,0,0, , ,0,33,0, ,0, , ,11/26/1973,1638,33.78,-88.00, , ,"","",413
9977128,MARION CO., ,11/26/1973,1815,Tornado,0,F2,0,5,250000,0,AL,CST, , ,C,93, ,0,0, , ,5.4,33,0, ,0, , ,11/26/1973,1815,33.97,-87.90,34.02,-87.83,"","",414
9977130,CULLMAN CO., ,11/27/1973,1830,Tornado,0,F2,0,0,250000,0,AL,CST, , ,C,43, ,0,0, , ,0,33,0, ,0, , ,11/27/1973,1830,34.00,-87.03, , ,"","",415
9977131,MADISON CO., ,11/27/1973,1833,Tornado,0,F3,0,42,2500000,0,AL,CST, , ,C,89, ,0,0, , ,14.1,200,0, ,0, , ,11/27/1973,1833,34.63,-86.78,34.73,-86.57,"","",416
9977132,MORGAN CO., ,11/27/1973,1845,Tornado,0,F2,0,3,250000,0,AL,CST, , ,C,103, ,0,0, , ,5.1,33,0, ,0, , ,11/27/1973,1845,34.32,-86.82,34.33,-86.73,"","",417
9978208,MOBILE CO., ,12/26/1973,330,Tornado,0,F2,0,1,25000,0,AL,CST, , ,C,97, ,0,0, , ,3.8,50,0, ,0, , ,12/26/1973,330,30.53,-88.22,30.55,-88.17,"","",418
9978213,TALLADEGA CO., ,12/26/1973,650,Tornado,0,F2,0,1,25000,0,AL,CST, , ,C,121, ,0,0, , ,.1,27,0, ,0, , ,12/26/1973,650,33.03,-86.08, , ,"","",419
9978220,BLOUNT CO., ,12/29/1973,1455,Tornado,0,F1,0,0,250,0,AL,CST, , ,C,9, ,0,0, , ,0,30,0, ,0, , ,12/29/1973,1455,33.90,-86.75, , ,"","",420
9978223,COFFEE CO., ,12/29/1973,1625,Tornado,0,F3,0,11,2500000,0,AL,CST, , ,C,31, ,0,0, , ,5.9,67,0, ,0, , ,12/29/1973,1625,31.32,-85.90,31.33,-85.80,"","",421
9978224,DALE CO., ,12/29/1973,1625,Tornado,0,F3,0,0,2500000,0,AL,CST, , ,C,45, ,0,0, , ,5.7,67,0, ,0, , ,12/29/1973,1625,31.33,-85.80,31.33,-85.70,"","",422
9978225,JEFFERSON CO., ,12/29/1973,1635,Tornado,0,F1,0,0,0,0,AL,CST, , ,C,73, ,0,0, , ,.5,50,0, ,0, , ,12/29/1973,1635,33.72,-86.73, , ,"","",423
9978227,DEKALB CO., ,12/29/1973,1715,Tornado,0,F2,0,1,250000,0,AL,CST, , ,C,49, ,0,0, , ,.3,100,0, ,0, , ,12/29/1973,1715,34.28,-86.02, , ,"","",424
9978228,HENRY CO., ,12/29/1973,1840,Tornado,0,F3,0,2,2500000,0,AL,CST, , ,C,67, ,0,0, , ,15,70,0, ,0, , ,12/29/1973,1840,31.35,-85.35,31.50,-85.17,"","",425
9978231,DALE CO., ,12/30/1973,1658,Tornado,0,F3,0,14,2500,0,AL,CST, , ,C,45, ,0,0, , ,1.5,120,0, ,0, , ,12/30/1973,1658,31.45,-85.65, , ,"","",426
9978232,BALDWIN CO., ,12/31/1973,1050,Tornado,0,F1,0,0,2500,0,AL,CST, , ,C,3, ,0,0, , ,1,100,0, ,0, , ,12/31/1973,1050,30.63,-87.77, , ,"","",427
9978236,PIKE CO., ,01/20/1974,1325,Tornado,0,F2,0,0,25000,0,AL,CST, , ,C,109, ,0,0, , ,0,30,0, ,0, , ,01/20/1974,1325,31.72,-86.12, , ,"","",428
9978238,RANDOLPH CO., ,01/26/1974,1700,Tornado,0,F3,1,7,250000,0,AL,CST, , ,C,111, ,0,0, , ,21.3,150,0, ,0, , ,01/26/1974,1700,33.13,-85.47,33.40,-85.28,"","",429
9978242,LAMAR CO., ,01/28/1974,500,Tornado,0,F2,0,0,25000,0,AL,CST, , ,C,75, ,0,0, , ,.3,30,0, ,0, , ,01/28/1974,500,33.75,-88.28, , ,"","",430
9978243,FAYETTE CO., ,01/28/1974,522,Tornado,0,F3,0,0,250000,0,AL,CST, , ,C,57, ,0,0, , ,.8,50,0, ,0, , ,01/28/1974,522,33.67,-87.83, , ,"","",431
9978249,HOUSTON CO., ,01/28/1974,1030,Tornado,0,F2,0,0,250,0,AL,CST, , ,C,69, ,0,0, , ,.3,30,0, ,0, , ,01/28/1974,1030,31.17,-85.28, , ,"","",432
9978252,BALDWIN CO., ,02/06/1974,1530,Tornado,0,F0,0,0,0,0,AL,CST, , ,C,3, ,0,0, , ,0,20,0, ,0, , ,02/06/1974,1530,30.97,-87.78, , ,"","",433
9978253,HOUSTON CO., ,02/06/1974,1645,Tornado,0,F1,0,0,25000,0,AL,CST, , ,C,69, ,0,0, , ,1,800,0, ,0, , ,02/06/1974,1645,31.22,-85.38, , ,"","",434
9978266,BALDWIN CO., ,03/19/1974,1630,Tornado,0,F0,0,0,250,0,AL,CST, , ,C,3, ,0,0, , ,.1,20,0, ,0, , ,03/19/1974,1630,31.00,-87.90, , ,"","",435
9979372,TUSCALOOSA CO., ,03/29/1974,13,Tornado,0,F0,0,0,0,0,AL,CST, , ,C,125, ,0,0, , ,.1,20,0, ,0, , ,03/29/1974,13,33.30,-87.70, , ,"","",436
9979387,TUSCALOOSA CO., ,04/01/1974,1705,Tornado,0,F2,0,6,250000,0,AL,CST, , ,C,125, ,0,0, , ,16.3,800,0, ,0, , ,04/01/1974,1705,33.43,-87.83,33.43,-87.55,"","",437
9979394,BLOUNT CO., ,04/01/1974,2130,Tornado,0,F2,0,11,250000,0,AL,CST, , ,C,9, ,0,0, , ,16.9,800,0, ,0, , ,04/01/1974,2130,33.88,-86.77,33.95,-86.48,"","",438
9979395,MADISON CO., ,04/01/1974,2140,Tornado,0,F3,1,6,2500000,0,AL,CST, , ,C,89, ,0,0, , ,8.4,800,0, ,0, , ,04/01/1974,2140,34.70,-86.72,34.75,-86.58,"","",439
9979401,CHAMBERS CO., ,04/02/1974,100,Tornado,0,F2,0,0,25000,0,AL,CST, , ,C,17, ,0,0, , ,0,33,0, ,0, , ,04/02/1974,100,32.88,-85.23, , ,"","",440
9979404,JEFFERSON CO., ,04/03/1974,1530,Tornado,0,F2,0,0,25000,0,AL,CST, , ,C,73, ,0,0, , ,1,800,0, ,0, , ,04/03/1974,1530,33.45,-87.05, , ,"","",441
9979411,CALHOUN CO., ,04/03/1974,1621,Tornado,0,F1,0,0,2500,0,AL,CST, , ,C,15, ,0,0, , ,1,800,0, ,0, , ,04/03/1974,1621,33.87,-85.83, , ,"","",442
9979413,CLEBURNE CO., ,04/03/1974,1650,Tornado,0,F2,0,0,0,0,AL,CST, , ,C,29, ,0,0, , ,10.4,100,0, ,0, , ,04/03/1974,1650,33.55,-85.47,33.67,-85.35,"","",443
9979414,LAWRENCE CO., ,04/03/1974,1715,Tornado,0,F5,14,60,0,0,AL,CST, , ,C,79, ,0,0, , ,24.4,500,0, ,0, , ,04/03/1974,1715,34.47,-87.48,34.65,-87.12,"","",444
9979415,FRANKLIN CO., ,04/03/1974,1730,Tornado,0,F2,0,4,0,0,AL,CST, , ,C,59, ,0,0, , ,12.8,350,0, ,0, , ,04/03/1974,1730,34.33,-87.73,34.42,-87.53,"","",445
9979416,PICKENS CO., ,04/03/1974,1735,Tornado,0,F4,0,5,25000000,0,AL,CST, , ,C,107, ,0,0, , ,24.6,500,0, ,0, , ,04/03/1974,1735,33.27,-88.20,33.45,-87.83,"","",446
9979417,MORGAN CO., ,04/03/1974,1745,Tornado,0,F5,0,56,0,0,AL,CST, , ,C,103, ,0,0, , ,4.1,500,0, ,0, , ,04/03/1974,1745,34.65,-87.12,34.68,-87.07,"","",447
9979418,TUSCALOOSA CO., ,04/03/1974,1750,Tornado,0,F4,0,6,25000000,0,AL,CST, , ,C,125, ,0,0, , ,17.7,500,0, ,0, , ,04/03/1974,1750,33.45,-87.83,33.62,-87.60,"","",448
9979419,LIMESTONE CO., ,04/03/1974,1752,Tornado,0,F5,5,41,0,0,AL,CST, , ,C,83, ,0,0, , ,18.8,500,0, ,0, , ,04/03/1974,1752,34.68,-87.07,34.80,-86.77,"","",449
9979420,CHEROKEE CO., ,04/03/1974,1800,Tornado,0,F3,0,9,250000,0,AL,CST, , ,C,19, ,0,0, , ,20.9,100,0, ,0, , ,04/03/1974,1800,34.05,-85.82,34.20,-85.50,"","",450
9976064,FAYETTE CO., ,04/03/1974,1815,Tornado,0,F4,2,29,25000000,0,AL,CST, , ,C,57, ,0,0, , ,8.8,500,0, ,0, , ,04/03/1974,1815,33.62,-87.60,33.70,-87.48,"","",451
9976065,MADISON CO., ,04/03/1974,1815,Tornado,0,F5,9,110,0,0,AL,CST, , ,C,89, ,0,0, , ,4.7,500,0, ,0, , ,04/03/1974,1815,34.80,-86.77,34.83,-86.70,"","",452
9976066,WALKER CO., ,04/03/1974,1830,Tornado,0,F4,0,102,25000000,0,AL,CST, , ,C,127, ,0,0, , ,26.5,500,0, ,0, , ,04/03/1974,1830,33.70,-87.48,33.95,-87.13,"","",453
9976067,LIMESTONE CO., ,04/03/1974,1835,Tornado,0,F5,11,80,0,0,AL,CST, , ,C,83, ,0,0, , ,17.7,500,0, ,0, , ,04/03/1974,1835,34.70,-87.05,34.83,-86.78,"","",454
9976069,MADISON CO., ,04/03/1974,1900,Tornado,0,F5,5,110,0,0,AL,CST, , ,C,89, ,0,0, , ,22.9,33,0, ,0, , ,04/03/1974,1900,34.83,-86.78,35.00,-86.43,"","",455
9976070,CULLMAN CO., ,04/03/1974,1920,Tornado,0,F4,1,36,25000000,0,AL,CST, , ,C,43, ,0,0, , ,33,500,0, ,0, , ,04/03/1974,1920,33.95,-87.13,34.27,-86.70,"","",456
9976071,LAMAR CO., ,04/03/1974,1950,Tornado,0,F5,0,0,0,0,AL,CST, , ,C,75, ,0,0, , ,13.3,500,0, ,0, , ,04/03/1974,1950,33.83,-88.13,33.95,-87.95,"","",457
9976072,MARION CO., ,04/03/1974,2000,Tornado,0,F5,23,250,0,0,AL,CST, , ,C,93, ,0,0, , ,22.8,500,0, ,0, , ,04/03/1974,2000,33.95,-87.95,34.15,-87.63,"","",458
9976073,WINSTON CO., ,04/03/1974,2030,Tornado,0,F5,5,22,0,0,AL,CST, , ,C,133, ,0,0, , ,19.2,500,0, ,0, , ,04/03/1974,2030,34.15,-87.63,34.30,-87.35,"","",459
9976074,LAWRENCE CO., ,04/03/1974,2050,Tornado,0,F5,0,0,0,0,AL,CST, , ,C,79, ,0,0, , ,16.2,500,0, ,0, , ,04/03/1974,2050,34.30,-87.35,34.43,-87.12,"","",460
9976075,MORGAN CO., ,04/03/1974,2100,Tornado,0,F5,0,0,0,0,AL,CST, , ,C,103, ,0,0, , ,8,500,0, ,0, , ,04/03/1974,2100,34.43,-87.12,34.50,-87.00,"","",461
9976076,MORGAN CO., ,04/03/1974,2124,Tornado,0,F3,0,0,2500000,0,AL,CST, , ,C,103, ,0,0, , ,4.5,700,0, ,0, , ,04/03/1974,2124,34.53,-86.90,34.57,-86.83,"","",462
9976077,LIMESTONE CO., ,04/03/1974,2130,Tornado,0,F3,0,0,2500000,0,AL,CST, , ,C,83, ,0,0, , ,3.8,700,0, ,0, , ,04/03/1974,2130,34.57,-86.83,34.60,-86.78,"","",463
9976078,MADISON CO., ,04/03/1974,2135,Tornado,0,F3,2,3,2500000,0,AL,CST, , ,C,89, ,0,0, , ,29.9,700,0, ,0, , ,04/03/1974,2135,34.60,-86.78,34.80,-86.32,"","",464
9976079,JACKSON CO., ,04/03/1974,2215,Tornado,0,F3,0,4,2500000,0,AL,CST, , ,C,71, ,0,0, , ,8.3,700,0, ,0, , ,04/03/1974,2215,34.80,-86.32,34.85,-86.18,"","",465
9976084,DALE CO., ,04/04/1974,1525,Tornado,0,F0,0,0,25000,0,AL,CST, , ,C,45, ,0,0, , ,0,33,0, ,0, , ,04/04/1974,1525,31.32,-85.50, , ,"","",466
9976086,HOUSTON CO., ,04/04/1974,1700,Tornado,0,F1,0,0,25000,0,AL,CST, , ,C,69, ,0,0, , ,0,33,0, ,0, , ,04/04/1974,1700,31.30,-85.10, , ,"","",467
9976088,HENRY CO., ,04/08/1974,1525,Tornado,0,F2,0,0,25000,0,AL,CST, , ,C,67, ,0,0, , ,0,33,0, ,0, , ,04/08/1974,1525,31.40,-85.13, , ,"","",468
9976093,PERRY CO., ,04/22/1974,1235,Tornado,0,F2,0,0,250000,0,AL,CST, , ,C,105, ,0,0, , ,2,800,0, ,0, , ,04/22/1974,1235,32.63,-87.32, , ,"","",469
9976095,MARSHALL CO., ,05/02/1974,1330,Tornado,0,F2,0,0,25000,0,AL,CST, , ,C,95, ,0,0, , ,2,400,0, ,0, , ,05/02/1974,1330,34.15,-86.22, , ,"","",470
9976114,COLBERT CO., ,07/08/1974,2020,Tornado,0,F0,0,0,2500,0,AL,CST, , ,C,33, ,0,0, , ,0,33,0, ,0, , ,07/08/1974,2020,34.75,-87.97, , ,"","",471
9976120,MONROE CO., ,07/20/1974,1530,Tornado,0,F0,0,0,250,0,AL,CST, , ,C,99, ,0,0, , ,.5,33,0, ,0, , ,07/20/1974,1530,31.75,-87.22, , ,"","",472
9976127,GENEVA CO., ,08/30/1974,1215,Tornado,0,F0,0,0,250,0,AL,CST, , ,C,61, ,0,0, , ,.1,50,0, ,0, , ,08/30/1974,1215,30.98,-86.05, , ,"","",473
9976128,MOBILE CO., ,09/02/1974,1210,Tornado,0,F0,0,0,0,0,AL,CST, , ,C,97, ,0,0, , ,0,33,0, ,0, , ,09/02/1974,1210,30.78,-88.35, , ,"","",474
9976129,BALDWIN CO., ,09/07/1974,1805,Tornado,0,F0,0,0,0,0,AL,CST, , ,C,3, ,0,0, , ,0,33,0, ,0, , ,09/07/1974,1805,30.60,-87.90, , ,"","",475
9976130,BLOUNT CO., ,10/15/1974,1530,Tornado,0,F1,0,0,2500,0,AL,CST, , ,C,9, ,0,0, , ,17.7,33,0, ,0, , ,10/15/1974,1530,33.98,-86.58,34.15,-86.35,"","",476
9976131,MARSHALL CO., ,10/15/1974,1605,Tornado,0,F1,0,1,2500,0,AL,CST, , ,C,95, ,0,0, , ,11.1,33,0, ,0, , ,10/15/1974,1605,34.15,-86.35,34.27,-86.22,"","",477
9976132,JEFFERSON CO., ,11/04/1974,2300,Tornado,0,F1,0,0,25000,0,AL,CST, , ,C,73, ,0,0, , ,1.5,20,0, ,0, , ,11/04/1974,2300,33.57,-86.75, , ,"","",478
9976133,ESCAMBIA CO., ,11/05/1974,300,Tornado,0,F2,0,0,2500,0,AL,CST, , ,C,53, ,0,0, , ,0,33,0, ,0, , ,11/05/1974,300,31.22,-87.47, , ,"","",479
9976134,COVINGTON CO., ,11/11/1974,1400,Tornado,0,F1,0,0,2500,0,AL,CST, , ,C,39, ,0,0, , ,0,33,0, ,0, , ,11/11/1974,1400,31.20,-86.50, , ,"","",480
9977206,PIKE CO., ,12/19/1974,1404,Tornado,0,F3,0,1,2500,0,AL,CST, , ,C,109, ,0,0, , ,.5,100,0, ,0, , ,12/19/1974,1404,31.93,-85.97, , ,"","",481
9977207,PIKE CO., ,12/19/1974,1630,Tornado,0,F3,0,0,250000,0,AL,CST, , ,C,109, ,0,0, , ,11.3,300,0, ,0, , ,12/19/1974,1630,31.72,-85.88,31.83,-85.75,"","",482
9977210,TUSCALOOSA CO., ,01/10/1975,1430,Tornado,0,F1,0,0,25000,0,AL,CST, , ,C,125, ,0,0, , ,.1,33,0, ,0, , ,01/10/1975,1430,33.28,-87.28, , ,"","",483
9977211,MOBILE CO., ,01/10/1975,1445,Tornado,0,F1,0,0,25000,0,AL,CST, , ,C,97, ,0,0, , ,.1,33,0, ,0, , ,01/10/1975,1445,31.10,-88.23, , ,"","",484
9977212,MARENGO CO., ,01/10/1975,1445,Tornado,0,F1,0,0,2500,0,AL,CST, , ,C,91, ,0,0, , ,0,33,0, ,0, , ,01/10/1975,1445,32.47,-87.60, , ,"","",485
9977213,JEFFERSON CO., ,01/10/1975,1445,Tornado,0,F2,0,4,250000,0,AL,CST, , ,C,73, ,0,0, , ,2,100,0, ,0, , ,01/10/1975,1445,33.63,-87.05, , ,"","",486
9977216,JEFFERSON CO., ,01/10/1975,1545,Tornado,0,F1,0,0,250000,0,AL,CST, , ,C,73, ,0,0, , ,0,33,0, ,0, , ,01/10/1975,1545,33.42,-86.82, , ,"","",487
9977219,SHELBY CO., ,01/10/1975,1600,Tornado,0,F1,0,14,250000,0,AL,CST, , ,C,117, ,0,0, , ,.2,50,0, ,0, , ,01/10/1975,1600,33.28,-86.82, , ,"","",488
9977220,ST. CLAIR CO., ,01/10/1975,1614,Tornado,0,F3,1,60,2500000,0,AL,CST, , ,C,115, ,0,0, , ,18.8,150,0, ,0, , ,01/10/1975,1614,33.55,-86.32,33.77,-86.12,"","",489
9977221,BALDWIN CO., ,01/10/1975,1615,Tornado,0,F1,0,0,2500,0,AL,CST, , ,C,3, ,0,0, , ,0,33,0, ,0, , ,01/10/1975,1615,30.63,-87.78, , ,"","",490
9977223,AUTAUGA CO., ,01/10/1975,1645,Tornado,0,F1,0,0,25000,0,AL,CST, , ,C,1, ,0,0, , ,0,33,0, ,0, , ,01/10/1975,1645,32.47,-86.48, , ,"","",491
9977224,MONTGOMERY CO., ,01/10/1975,1650,Tornado,0,F2,0,0,2500000,0,AL,CST, , ,C,101, ,0,0, , ,2,100,0, ,0, , ,01/10/1975,1650,32.30,-86.40, , ,"","",492
9977228,MACON CO., ,01/10/1975,1800,Tornado,0,F2,0,9,250000,0,AL,CST, , ,C,87, ,0,0, , ,1,100,0, ,0, , ,01/10/1975,1800,32.30,-85.68, , ,"","",493
9977230,CLEBURNE CO., ,01/10/1975,1830,Tornado,0,F1,0,1,250000,0,AL,CST, , ,C,29, ,0,0, , ,.1,50,0, ,0, , ,01/10/1975,1830,33.53,-85.30, , ,"","",494
9977231,LEE CO., ,01/10/1975,1830,Tornado,0,F2,0,0,2500000,0,AL,CST, , ,C,81, ,0,0, , ,0,33,0, ,0, , ,01/10/1975,1830,32.60,-85.23, , ,"","",495
9977233,BALDWIN CO., ,02/16/1975,1015,Tornado,0,F1,0,0,25000,0,AL,CST, , ,C,3, ,0,0, , ,1,100,0, ,0, , ,02/16/1975,1015,30.83,-87.87, , ,"","",496
9977234,BALDWIN CO., ,02/16/1975,1030,Tornado,0,F2,0,0,250000,0,AL,CST, , ,C,3, ,0,0, , ,1,200,0, ,0, , ,02/16/1975,1030,30.87,-87.77, , ,"","",497
9977237,WALKER CO., ,02/23/1975,1230,Tornado,0,F2,0,0,250000,0,AL,CST, , ,C,127, ,0,0, , ,1,100,0, ,0, , ,02/23/1975,1230,34.07,-87.00, , ,"","",498
9977238,CULLMAN CO., ,02/23/1975,1320,Tornado,0,F2,0,1,250000,0,AL,CST, , ,C,43, ,0,0, , ,2,200,0, ,0, , ,02/23/1975,1320,34.22,-87.05, , ,"","",499
9977239,TUSCALOOSA CO., ,02/23/1975,1345,Tornado,0,F4,1,49,25000000,0,AL,CST, , ,C,125, ,0,0, , ,14.4,500,0, ,0, , ,02/23/1975,1345,33.08,-87.60,33.25,-87.45,"","",500
