EVENT_ID,CZ_NAME_STR,BEGIN_LOCATION,BEGIN_DATE,BEGIN_TIME,EVENT_TYPE,MAGNITUDE,TOR_F_SCALE,DEATHS_DIRECT,INJURIES_DIRECT,DAMAGE_PROPERTY_NUM,DAMAGE_CROPS_NUM,STATE_ABBR,CZ_TIMEZONE,MAGNITUDE_TYPE,EPISODE_ID,CZ_TYPE,CZ_FIPS,WFO,INJURIES_INDIRECT,DEATHS_INDIRECT,SOURCE,FLOOD_CAUSE,TOR_LENGTH,TOR_WIDTH,BEGIN_RANGE,BEGIN_AZIMUTH,END_RANGE,END_AZIMUTH,END_LOCATION,END_DATE,END_TIME,BEGIN_LAT,BEGIN_LON,END_LAT,END_LON,EVENT_NARRATIVE,EPISODE_NARRATIVE,ABSOLUTE_ROWNUMBER
9977237,WALKER CO., ,02/23/1975,1230,Tornado,0,F2,0,0,250000,0,AL,CST, , ,C,127, ,0,0, , ,1,100,0, ,0, , ,02/23/1975,1230,34.07,-87.00, , ,"","",1
9977238,CULLMAN CO., ,02/23/1975,1320,Tornado,0,F2,0,1,250000,0,AL,CST, , ,C,43, ,0,0, , ,2,200,0, ,0, , ,02/23/1975,1320,34.22,-87.05, , ,"","",2
9977239,TUSCALOOSA CO., ,02/23/1975,1345,Tornado,0,F4,1,49,25000000,0,AL,CST, , ,C,125, ,0,0, , ,14.4,500,0, ,0, , ,02/23/1975,1345,33.08,-87.60,33.25,-87.45,"","",3
9977240,CALHOUN CO., ,02/23/1975,1435,Tornado,0,F0,0,0,30,0,AL,CST, , ,C,15, ,0,0, , ,1,100,0, ,0, , ,02/23/1975,1435,33.67,-85.83, , ,"","",4
9977250,RUSSELL CO., ,03/07/1975,1730,Tornado,0,F0,0,0,0,0,AL,CST, , ,C,113, ,0,0, , ,.3,50,0, ,0, , ,03/07/1975,1730,32.27,-85.27, , ,"","",5
9977264,TUSCALOOSA CO., ,03/13/1975,1445,Tornado,0,F0,0,0,250,0,AL,CST, , ,C,125, ,0,0, , ,.5,50,0, ,0, , ,03/13/1975,1445,33.13,-87.62, , ,"","",6
9977265,CHILTON CO., ,03/13/1975,1555,Tornado,0,F1,0,0,25000,0,AL,CST, , ,C,21, ,0,0, , ,1,50,0, ,0, , ,03/13/1975,1555,32.97,-86.75, , ,"","",7
9977269,BALDWIN CO., ,03/13/1975,1755,Tornado,0,F1,0,0,25000,0,AL,CST, , ,C,3, ,0,0, , ,0,33,0, ,0, , ,03/13/1975,1755,30.60,-87.85, , ,"","",8
9977271,COVINGTON CO., ,03/13/1975,1952,Tornado,0,F1,0,0,25000,0,AL,CST, , ,C,39, ,0,0, , ,9.3,880,0, ,0, , ,03/13/1975,1952,31.00,-86.37,31.07,-86.23,"","",9
9977273,TUSCALOOSA CO., ,03/18/1975,1720,Tornado,0,F1,0,0,25000,0,AL,CST, , ,C,125, ,0,0, , ,2,50,0, ,0, , ,03/18/1975,1720,33.20,-87.60, , ,"","",10
9978361,BLOUNT CO., ,03/29/1975,605,Tornado,0,F1,0,3,25000,0,AL,CST, , ,C,9, ,0,0, , ,3,30,0, ,0, , ,03/29/1975,605,34.20,-86.58, , ,"","",11
9978365,TALLAPOOSA CO., ,04/02/1975,1730,Tornado,0,F1,0,0,25000,0,AL,CST, , ,C,123, ,0,0, , ,0,33,0, ,0, , ,04/02/1975,1730,32.82,-85.70, , ,"","",12
9978368,ESCAMBIA CO., ,04/10/1975,300,Tornado,0,F1,0,0,25000,0,AL,CST, , ,C,53, ,0,0, , ,.3,20,0, ,0, , ,04/10/1975,300,31.10,-87.52, , ,"","",13
9978376,ESCAMBIA CO., ,04/30/1975,1500,Tornado,0,F1,0,0,25000,0,AL,CST, , ,C,53, ,0,0, , ,.3,20,0, ,0, , ,04/30/1975,1500,31.03,-87.50, , ,"","",14
9978378,MARSHALL CO., ,05/08/1975,2148,Tornado,0,F1,0,0,25000,0,AL,CST, , ,C,95, ,0,0, , ,0,33,0, ,0, , ,05/08/1975,2148,34.17,-86.17, , ,"","",15
9978389,CONECUH CO., ,06/17/1975,1620,Tornado,0,F0,0,0,0,0,AL,CST, , ,C,35, ,0,0, , ,0,33,0, ,0, , ,06/17/1975,1620,31.43,-86.68, , ,"","",16
9978405,HOUSTON CO., ,10/17/1975,140,Tornado,0,F1,0,0,25000,0,AL,CST, , ,C,69, ,0,0, , ,0,33,0, ,0, , ,10/17/1975,140,31.23,-85.37, , ,"","",17
9978406,COFFEE CO., ,10/17/1975,530,Tornado,0,F0,0,0,0,0,AL,CST, , ,C,31, ,0,0, , ,0,33,0, ,0, , ,10/17/1975,530,31.40,-85.98, , ,"","",18
9978407,MOBILE CO., ,11/06/1975,1230,Tornado,0,F1,0,1,25000,0,AL,CST, , ,C,97, ,0,0, , ,0,33,0, ,0, , ,11/06/1975,1230,30.50,-88.27, , ,"","",19
9978408,BALDWIN CO., ,11/06/1975,1550,Tornado,0,F0,0,0,25000,0,AL,CST, , ,C,3, ,0,0, , ,0,33,0, ,0, , ,11/06/1975,1550,30.40,-87.45, , ,"","",20
9978414,JEFFERSON CO., ,01/13/1976,1905,Tornado,0,F2,0,1,250000,0,AL,CST, , ,C,73, ,0,0, , ,.3,50,0, ,0, , ,01/13/1976,1905,33.52,-86.82, , ,"","",21
9979496,SUMTER CO., ,03/12/1976,1650,Tornado,0,F1,0,2,25000,0,AL,CST, , ,C,119, ,0,0, , ,1,150,0, ,0, , ,03/12/1976,1650,32.82,-88.17, , ,"","",22
9979497,MARENGO CO., ,03/12/1976,2027,Tornado,0,F2,0,1,250000,0,AL,CST, , ,C,91, ,0,0, , ,18.4,200,0, ,0, , ,03/12/1976,2027,32.38,-87.88,32.47,-87.58,"","",23
9979498,AUTAUGA CO., ,03/12/1976,2030,Tornado,0,F3,0,4,2500000,0,AL,CST, , ,C,1, ,0,0, , ,16.5,100,0, ,0, , ,03/12/1976,2030,32.58,-86.92,32.57,-86.63,"","",24
9979499,ELMORE CO., ,03/12/1976,2120,Tornado,0,F3,0,15,2500000,0,AL,CST, , ,C,51, ,0,0, , ,4.9,400,0, ,0, , ,03/12/1976,2120,32.62,-86.07,32.65,-86.00,"","",25
9979500,DALLAS CO., ,03/12/1976,2230,Tornado,0,F1,0,1,250000,0,AL,CST, , ,C,47, ,0,0, , ,.2,50,0, ,0, , ,03/12/1976,2230,32.35,-86.90, , ,"","",26
9979501,CHILTON CO., ,03/12/1976,2250,Tornado,0,F2,0,0,25000,0,AL,CST, , ,C,21, ,0,0, , ,.1,50,0, ,0, , ,03/12/1976,2250,32.73,-86.47, , ,"","",27
9979502,COFFEE CO., ,03/16/1976,725,Tornado,0,F0,0,0,2500,0,AL,CST, , ,C,31, ,0,0, , ,.5,50,0, ,0, , ,03/16/1976,725,31.38,-85.93, , ,"","",28
9979503,WASHINGTON CO., ,03/16/1976,855,Tornado,0,F2,0,0,25000,0,AL,CST, , ,C,129, ,0,0, , ,.1,50,0, ,0, , ,03/16/1976,855,31.33,-88.42, , ,"","",29
9979506,LAUDERDALE CO., ,03/20/1976,2100,Tornado,0,F2,0,2,25000,0,AL,CST, , ,C,77, ,0,0, , ,1,30,0, ,0, , ,03/20/1976,2100,34.92,-87.27, , ,"","",30
9979508,LAMAR CO., ,03/20/1976,2140,Tornado,0,F1,0,1,25000,0,AL,CST, , ,C,75, ,0,0, , ,.2,20,0, ,0, , ,03/20/1976,2140,33.93,-88.08, , ,"","",31
9979512,PICKENS CO., ,03/20/1976,2205,Tornado,0,F2,0,0,25000,0,AL,CST, , ,C,107, ,0,0, , ,.5,30,0, ,0, , ,03/20/1976,2205,33.38,-87.90, , ,"","",32
9979513,MADISON CO., ,03/20/1976,2208,Tornado,0,F1,0,0,250000,0,AL,CST, , ,C,89, ,0,0, , ,4.5,100,0, ,0, , ,03/20/1976,2208,34.92,-86.73,34.97,-86.68,"","",33
9979516,WINSTON CO., ,03/20/1976,2220,Tornado,0,F2,0,6,250000,0,AL,CST, , ,C,133, ,0,0, , ,.5,77,0, ,0, , ,03/20/1976,2220,34.02,-87.17, , ,"","",34
9979517,MADISON CO., ,03/20/1976,2222,Tornado,0,F0,0,0,25000,0,AL,CST, , ,C,89, ,0,0, , ,.5,20,0, ,0, , ,03/20/1976,2222,34.75,-86.52, , ,"","",35
9979518,MADISON CO., ,03/20/1976,2222,Tornado,0,F2,0,0,250000,0,AL,CST, , ,C,89, ,0,0, , ,.5,20,0, ,0, , ,03/20/1976,2222,34.77,-86.52, , ,"","",36
9979519,MADISON CO., ,03/20/1976,2225,Tornado,0,F1,0,0,25000,0,AL,CST, , ,C,89, ,0,0, , ,4.5,40,0, ,0, , ,03/20/1976,2225,34.85,-86.47,34.88,-86.40,"","",37
9979522,CULLMAN CO., ,03/20/1976,2245,Tornado,0,F3,0,17,2500000,0,AL,CST, , ,C,43, ,0,0, , ,9.3,100,0, ,0, , ,03/20/1976,2245,34.22,-86.73,34.27,-86.58,"","",38
9979523,BLOUNT CO., ,03/20/1976,2249,Tornado,0,F0,0,0,250,0,AL,CST, , ,C,9, ,0,0, , ,0,33,0, ,0, , ,03/20/1976,2249,33.90,-86.62, , ,"","",39
9979524,BLOUNT CO., ,03/20/1976,2250,Tornado,0,F3,0,11,250000,0,AL,CST, , ,C,9, ,0,0, , ,19.2,40,0, ,0, , ,03/20/1976,2250,33.97,-86.62,34.12,-86.33,"","",40
9979528,ETOWAH CO., ,03/20/1976,2320,Tornado,0,F0,0,0,25000,0,AL,CST, , ,C,55, ,0,0, , ,0,33,0, ,0, , ,03/20/1976,2320,34.02,-86.08, , ,"","",41
9979531,COFFEE CO., ,03/21/1976,530,Tornado,0,F1,0,0,250000,0,AL,CST, , ,C,31, ,0,0, , ,0,33,0, ,0, , ,03/21/1976,530,31.28,-85.85, , ,"","",42
9979541,ST. CLAIR CO., ,03/29/1976,1700,Tornado,0,F0,0,0,2500,0,AL,CST, , ,C,115, ,0,0, , ,0,33,0, ,0, , ,03/29/1976,1700,33.77,-86.47, , ,"","",43
9979543,CALHOUN CO., ,03/29/1976,2010,Tornado,0,F2,0,0,25000,0,AL,CST, , ,C,15, ,0,0, , ,1,40,0, ,0, , ,03/29/1976,2010,33.62,-85.97, , ,"","",44
9979544,WILCOX CO., ,03/30/1976,1325,Tornado,0,F0,0,0,25000,0,AL,CST, , ,C,131, ,0,0, , ,.2,50,0, ,0, , ,03/30/1976,1325,32.18,-87.47, , ,"","",45
9979545,COVINGTON CO., ,03/31/1976,930,Tornado,0,F2,0,0,250000,0,AL,CST, , ,C,39, ,0,0, , ,3.8,40,0, ,0, , ,03/31/1976,930,31.38,-86.38,31.40,-86.33,"","",46
9979550,JEFFERSON CO., ,05/06/1976,1630,Tornado,0,F2,0,0,25000,0,AL,CST, , ,C,73, ,0,0, , ,.2,50,0, ,0, , ,05/06/1976,1630,33.77,-86.93, , ,"","",47
9979551,MARSHALL CO., ,05/06/1976,1750,Tornado,0,F1,0,0,25000,0,AL,CST, , ,C,95, ,0,0, , ,2,33,0, ,0, , ,05/06/1976,1750,34.37,-86.30, , ,"","",48
9976434,MARSHALL CO., ,07/31/1976,1200,Tornado,0,F1,0,0,250000,0,AL,CST, , ,C,95, ,0,0, , ,.1,50,0, ,0, , ,07/31/1976,1200,34.40,-86.20, , ,"","",49
9976438,JEFFERSON CO., ,08/15/1976,1650,Tornado,0,F2,0,0,2500,0,AL,CST, , ,C,73, ,0,0, , ,.5,30,0, ,0, , ,08/15/1976,1650,33.75,-86.82, , ,"","",50
9976443,GREENE CO., ,02/23/1977,1900,Tornado,0,F2,0,1,2500,0,AL,CST, , ,C,63, ,0,0, , ,.2,30,0, ,0, , ,02/23/1977,1900,32.83,-87.88, , ,"","",51
9976458,AUTAUGA CO., ,03/29/1977,1500,Tornado,0,F2,0,0,250000,0,AL,CST, , ,C,1, ,0,0, , ,10,50,0, ,0, , ,03/29/1977,1500,32.58,-86.52,32.62,-86.35,"","",52
9976459,ELMORE CO., ,03/29/1977,1520,Tornado,0,F2,0,2,250000,0,AL,CST, , ,C,51, ,0,0, , ,10.5,33,0, ,0, , ,03/29/1977,1520,32.62,-86.35,32.70,-86.20,"","",53
9976461,DEKALB CO., ,03/30/1977,815,Tornado,0,F3,0,2,250000,0,AL,CST, , ,C,49, ,0,0, , ,9.2,50,0, ,0, , ,03/30/1977,815,34.33,-86.07,34.38,-85.92,"","",54
9976462,DEKALB CO., ,03/30/1977,835,Tornado,0,F2,0,1,25000,0,AL,CST, , ,C,49, ,0,0, , ,2.5,50,0, ,0, , ,03/30/1977,835,34.45,-85.68, , ,"","",55
9976465,CULLMAN CO., ,04/04/1977,1112,Tornado,0,F2,0,3,25000,0,AL,CST, , ,C,43, ,0,0, , ,5.9,200,0, ,0, , ,04/04/1977,1112,34.07,-86.77,34.12,-86.68,"","",56
9976467,JACKSON CO., ,04/04/1977,1220,Tornado,0,F2,0,1,250000,0,AL,CST, , ,C,71, ,0,0, , ,6.9,100,0, ,0, , ,04/04/1977,1220,34.55,-85.98,34.63,-85.92,"","",57
9976468,ST. CLAIR CO., ,04/04/1977,1230,Tornado,0,F2,0,0,250000,0,AL,CST, , ,C,115, ,0,0, , ,.5,20,0, ,0, , ,04/04/1977,1230,33.73,-86.15, , ,"","",58
9976470,ST. CLAIR CO., ,04/04/1977,1400,Tornado,0,F2,0,0,250000,0,AL,CST, , ,C,115, ,0,0, , ,3.3,80,0, ,0, , ,04/04/1977,1400,33.77,-86.47,33.78,-86.42,"","",59
9976471,ETOWAH CO., ,04/04/1977,1430,Tornado,0,F2,0,4,250000,0,AL,CST, , ,C,55, ,0,0, , ,4.7,150,0, ,0, , ,04/04/1977,1430,33.88,-86.02,33.93,-85.97,"","",60
9976472,ST. CLAIR CO., ,04/04/1977,1430,Tornado,0,F3,1,0,250000,0,AL,CST, , ,C,115, ,0,0, , ,7.3,150,0, ,0, , ,04/04/1977,1430,33.83,-86.25,33.90,-86.15,"","",61
9976475,JEFFERSON CO., ,04/04/1977,1500,Tornado,0,F5,22,130,25000000,0,AL,CST, , ,C,73, ,0,0, , ,14.7,550,0, ,0, , ,04/04/1977,1500,33.52,-86.93,33.60,-86.70,"","",62
9976489,GENEVA CO., ,05/26/1977,1540,Tornado,0,F1,0,0,2500,0,AL,CST, , ,C,61, ,0,0, , ,.1,20,0, ,0, , ,05/26/1977,1540,31.03,-85.88, , ,"","",63
9977567,MOBILE CO., ,06/16/1977,1545,Tornado,0,F2,0,0,2500,0,AL,CST, , ,C,97, ,0,0, , ,0,77,0, ,0, , ,06/16/1977,1545,30.82,-88.07, , ,"","",64
9977574,ETOWAH CO., ,06/22/1977,1945,Tornado,0,F2,0,0,250000,0,AL,CST, , ,C,55, ,0,0, , ,1.2,77,0, ,0, , ,06/22/1977,1945,34.08,-85.93, , ,"","",65
9977590,JEFFERSON CO., ,07/08/1977,1615,Tornado,0,F2,0,0,250000,0,AL,CST, , ,C,73, ,0,0, , ,.5,100,0, ,0, , ,07/08/1977,1615,33.82,-86.82, , ,"","",66
9977609,MADISON CO., ,07/17/1977,1345,Tornado,0,F2,0,0,250000,0,AL,CST, , ,C,89, ,0,0, , ,.2,77,0, ,0, , ,07/17/1977,1345,34.70,-86.58, , ,"","",67
9977618,WILCOX CO., ,09/06/1977,1005,Tornado,0,F1,0,0,2500,0,AL,CST, , ,C,131, ,0,0, , ,.1,20,0, ,0, , ,09/06/1977,1005,32.00,-87.33, , ,"","",68
9977619,TUSCALOOSA CO., ,09/06/1977,1400,Tornado,0,F2,0,0,25000,0,AL,CST, , ,C,125, ,0,0, , ,8.3,100,0, ,0, , ,09/06/1977,1400,33.33,-87.57,33.25,-87.47,"","",69
9977620,TUSCALOOSA CO., ,09/06/1977,1505,Tornado,0,F1,0,0,25000,0,AL,CST, , ,C,125, ,0,0, , ,.2,77,0, ,0, , ,09/06/1977,1505,33.52,-87.47, , ,"","",70
9977629,BALDWIN CO., ,10/25/1977,700,Tornado,0,F1,0,0,25000,0,AL,CST, , ,C,3, ,0,0, , ,16.2,100,0, ,0, , ,10/25/1977,700,30.40,-87.72,30.63,-87.73,"","",71
9977631,MOBILE CO., ,11/30/1977,240,Tornado,0,F1,0,0,250000,0,AL,CST, , ,C,97, ,0,0, , ,.2,33,0, ,0, , ,11/30/1977,240,30.73,-88.08, , ,"","",72
9978729,LAWRENCE CO., ,04/18/1978,200,Tornado,0,F2,0,0,250000,0,AL,CST, , ,C,79, ,0,0, , ,6.8,33,0, ,0, , ,04/18/1978,200,34.68,-87.38,34.68,-87.27,"","",73
9978730,CLAY CO., ,04/18/1978,600,Tornado,0,F1,0,0,25000,0,AL,CST, , ,C,27, ,0,0, , ,.3,100,0, ,0, , ,04/18/1978,600,33.17,-85.75, , ,"","",74
9978741,LOWNDES CO., ,04/18/1978,1500,Tornado,0,F0,0,0,0,0,AL,CST, , ,C,85, ,0,0, , ,.1,20,0, ,0, , ,04/18/1978,1500,32.30,-86.62, , ,"","",75
9978746,MONROE CO., ,04/18/1978,1700,Tornado,0,F3,0,30,2500000,0,AL,CST, , ,C,99, ,0,0, , ,10.5,220,0, ,0, , ,04/18/1978,1700,31.53,-87.45,31.58,-87.28,"","",76
9978747,COOSA CO., ,04/18/1978,1715,Tornado,0,F2,0,0,25000,0,AL,CST, , ,C,37, ,0,0, , ,.1,80,0, ,0, , ,04/18/1978,1715,33.02,-86.32, , ,"","",77
9978752,COFFEE CO., ,04/18/1978,2032,Tornado,0,F0,0,0,25000,0,AL,CST, , ,C,31, ,0,0, , ,.2,100,0, ,0, , ,04/18/1978,2032,31.58,-86.07, , ,"","",78
9978757,MONTGOMERY CO., ,04/18/1978,2338,Tornado,0,F1,0,3,250000,0,AL,CST, , ,C,101, ,0,0, , ,.7,420,0, ,0, , ,04/18/1978,2338,32.25,-86.30, , ,"","",79
9978760,JEFFERSON CO., ,04/24/1978,2000,Tornado,0,F0,0,0,2500,0,AL,CST, , ,C,73, ,0,0, , ,.1,50,0, ,0, , ,04/24/1978,2000,33.57,-86.97, , ,"","",80
9978763,DALLAS CO., ,05/01/1978,530,Tornado,0,F2,0,0,2500000,0,AL,CST, , ,C,47, ,0,0, , ,2,20,0, ,0, , ,05/01/1978,530,32.40,-87.02, , ,"","",81
9978764,RUSSELL CO., ,05/01/1978,730,Tornado,0,F2,0,4,250000,0,AL,CST, , ,C,113, ,0,0, , ,4.3,150,0, ,0, , ,05/01/1978,730,32.47,-85.05,32.48,-84.98,"","",82
9978767,COVINGTON CO., ,05/03/1978,1115,Tornado,0,F1,0,0,25000,0,AL,CST, , ,C,39, ,0,0, , ,.3,30,0, ,0, , ,05/03/1978,1115,31.20,-86.25, , ,"","",83
9979638,MORGAN CO., ,05/12/1978,2315,Tornado,0,F1,0,11,250000,0,AL,CST, , ,C,103, ,0,0, , ,3.6,100,0, ,0, , ,05/12/1978,2315,34.45,-87.10,34.47,-87.05,"","",84
9979856,MARSHALL CO., ,05/12/1978,2335,Tornado,0,F1,0,0,0,0,AL,CST, , ,C,95, ,0,0, , ,8,200,0, ,0, , ,05/12/1978,2335,34.42,-86.35, , ,"","",85
9979859,MOBILE CO., ,05/17/1978,1423,Tornado,0,F0,0,0,0,0,AL,CST, , ,C,97, ,0,0, , ,1,50,0, ,0, , ,05/17/1978,1423,30.72,-88.33, , ,"","",86
9979868,MOBILE CO., ,06/06/1978,1130,Tornado,0,F0,0,0,25000,0,AL,CST, , ,C,97, ,0,0, , ,.1,17,0, ,0, , ,06/06/1978,1130,30.70,-88.17, , ,"","",87
9979874,LEE CO., ,06/08/1978,1300,Tornado,0,F1,0,0,25000,0,AL,CST, , ,C,81, ,0,0, , ,1.5,100,0, ,0, , ,06/08/1978,1300,32.50,-85.15, , ,"","",88
9979880,BALDWIN CO., ,06/29/1978,2010,Tornado,0,F0,0,0,0,0,AL,CST, , ,C,3, ,0,0, , ,.5,17,0, ,0, , ,06/29/1978,2010,30.42,-87.68, , ,"","",89
9979886,MOBILE CO., ,07/22/1978,1128,Tornado,0,F1,0,0,0,0,AL,CST, , ,C,97, ,0,0, , ,3,50,0, ,0, , ,07/22/1978,1128,30.70,-88.02, , ,"","",90
9979902,PICKENS CO., ,12/08/1978,1545,Tornado,0,F1,0,0,25000,0,AL,CST, , ,C,107, ,0,0, , ,1,50,0, ,0, , ,12/08/1978,1545,33.43,-87.90, , ,"","",91
9979904,TUSCALOOSA CO., ,12/08/1978,1555,Tornado,0,F1,0,0,25000,0,AL,CST, , ,C,125, ,0,0, , ,2.5,50,0, ,0, , ,12/08/1978,1555,33.42,-87.75, , ,"","",92
9979905,TUSCALOOSA CO., ,12/08/1978,1606,Tornado,0,F0,0,0,0,0,AL,CST, , ,C,125, ,0,0, , ,.3,20,0, ,0, , ,12/08/1978,1606,33.12,-87.62, , ,"","",93
9979906,WALKER CO., ,12/08/1978,1640,Tornado,0,F1,0,1,250000,0,AL,CST, , ,C,127, ,0,0, , ,1,100,0, ,0, , ,12/08/1978,1640,33.75,-87.05, , ,"","",94
9979915,MOBILE CO., ,03/02/1979,2020,Tornado,0, ,0,0,25000,0,AL,CST, , ,C,97, ,0,0, , ,.5,17,0, ,0, , ,03/02/1979,2020,30.73,-88.05, , ,"","",95
9976566,DALLAS CO., ,04/09/1979,115,Tornado,0,F0,0,0,25000,0,AL,CST, , ,C,47, ,0,0, , ,.3,20,0, ,0, , ,04/09/1979,115,32.40,-87.02, , ,"","",96
9976574,LAUDERDALE CO., ,04/11/1979,2330,Tornado,0,F1,0,1,0,0,AL,CST, , ,C,77, ,0,0, , ,.5,20,0, ,0, , ,04/11/1979,2330,34.80,-87.67, , ,"","",97
9976588,JEFFERSON CO., ,05/04/1979,1238,Tornado,0,F0,0,0,0,0,AL,CST, , ,C,73, ,0,0, , ,.1,3,0, ,0, , ,05/04/1979,1238,33.58,-86.77, , ,"","",98
9976589,MOBILE CO., ,05/04/1979,1315,Tornado,0,F0,0,0,2500,0,AL,CST, , ,C,97, ,0,0, , ,.5,3,0, ,0, , ,05/04/1979,1315,30.63,-88.07, , ,"","",99
9976590,ELMORE CO., ,05/04/1979,1351,Tornado,0,F0,0,0,0,0,AL,CST, , ,C,51, ,0,0, , ,.1,10,0, ,0, , ,05/04/1979,1351,32.63,-86.32, , ,"","",100
9976599,FAYETTE CO., ,05/30/1979,1730,Tornado,0,F1,0,0,25000,0,AL,CST, , ,C,57, ,0,0, , ,.3,50,0, ,0, , ,05/30/1979,1730,33.65,-87.93, , ,"","",101
9976600,JEFFERSON CO., ,05/30/1979,2000,Tornado,0,F1,0,1,250000,0,AL,CST, , ,C,73, ,0,0, , ,25.8,20,0, ,0, , ,05/30/1979,2000,33.45,-87.03,33.68,-86.68,"","",102
9976602,BALDWIN CO., ,06/30/1979,1855,Tornado,0,F1,0,0,2500,0,AL,CST, , ,C,3, ,0,0, , ,.3,17,0, ,0, , ,06/30/1979,1855,30.45,-87.82, , ,"","",103
9976610,HOUSTON CO., ,07/05/1979,1530,Tornado,0,F0,0,0,250000,0,AL,CST, , ,C,69, ,0,0, , ,.2,17,0, ,0, , ,07/05/1979,1530,31.20,-85.63, , ,"","",104
9976614,COVINGTON CO., ,07/11/1979,1720,Tornado,0,F2,0,4,250,0,AL,CST, , ,C,39, ,0,0, , ,7.1,100,0, ,0, , ,07/11/1979,1720,31.40,-86.62,31.48,-86.55,"","",105
9976615,MONTGOMERY CO., ,07/11/1979,1830,Tornado,0,F0,0,0,0,0,AL,CST, , ,C,101, ,0,0, , ,.1,3,0, ,0, , ,07/11/1979,1830,32.00,-86.48, , ,"","",106
9976617,MOBILE CO., ,07/17/1979,1640,Tornado,0,F0,0,0,2500,0,AL,CST, , ,C,97, ,0,0, , ,.1,10,0, ,0, , ,07/17/1979,1640,30.58,-88.08, , ,"","",107
9976626,HALE CO., ,09/13/1979,430,Tornado,0,F1,0,0,25000,0,AL,CST, , ,C,65, ,0,0, , ,1,17,0, ,0, , ,09/13/1979,430,31.70,-87.78, , ,"","",108
9976627,PERRY CO., ,09/20/1979,1630,Tornado,0,F2,0,2,250000,0,AL,CST, , ,C,105, ,0,0, , ,3,27,0, ,0, , ,09/20/1979,1630,32.55,-87.32,32.52,-87.28,"","",109
9976630,JEFFERSON CO., ,11/09/1979,1343,Tornado,0,F1,0,0,25000,0,AL,CST, , ,C,73, ,0,0, , ,.5,27,0, ,0, , ,11/09/1979,1343,33.55,-86.75, , ,"","",110
9976631,CLARKE CO., ,11/25/1979,940,Tornado,0,F2,0,2,250000,0,AL,CST, , ,C,25, ,0,0, , ,28.6,300,0, ,0, , ,11/25/1979,940,31.62,-88.02,32.00,-87.83,"","",111
9976632,CONECUH CO., ,11/25/1979,1100,Tornado,0,F0,0,0,2500,0,AL,CST, , ,C,35, ,0,0, , ,.1,17,0, ,0, , ,11/25/1979,1100,31.27,-87.20, , ,"","",112
9976633,CONECUH CO., ,11/25/1979,1120,Tornado,0,F1,0,0,25000,0,AL,CST, , ,C,35, ,0,0, , ,5.6,30,0, ,0, , ,11/25/1979,1120,31.42,-87.03,31.47,-87.10,"","",113
9977706,DALLAS CO., ,11/25/1979,1130,Tornado,0,F0,0,0,0,0,AL,CST, , ,C,47, ,0,0, , ,.1,50,0, ,0, , ,11/25/1979,1130,32.17,-86.92, , ,"","",114
9977707,BUTLER CO., ,11/25/1979,1210,Tornado,0,F2,0,0,25000,0,AL,CST, , ,C,13, ,0,0, , ,9.4,50,0, ,0, , ,11/25/1979,1210,31.87,-86.67,31.98,-86.58,"","",115
9977708,LOWNDES CO., ,11/25/1979,1220,Tornado,0,F2,0,12,25000,0,AL,CST, , ,C,85, ,0,0, , ,13.5,50,0, ,0, , ,11/25/1979,1220,31.98,-86.58,32.17,-86.50,"","",116
9977709,MONTGOMERY CO., ,11/25/1979,1250,Tornado,0,F3,0,20,2500000,0,AL,CST, , ,C,101, ,0,0, , ,8.3,150,0, ,0, , ,11/25/1979,1250,32.38,-86.25,32.50,-86.23,"","",117
9977710,ELMORE CO., ,11/25/1979,1300,Tornado,0,F3,0,0,2500000,0,AL,CST, , ,C,51, ,0,0, , ,1.9,150,0, ,0, , ,11/25/1979,1300,32.50,-86.23,32.52,-86.22,"","",118
9977711,ELMORE CO., ,11/25/1979,1350,Tornado,0,F2,0,0,250000,0,AL,CST, , ,C,51, ,0,0, , ,1.9,60,0, ,0, , ,11/25/1979,1350,32.72,-85.92,32.73,-85.90,"","",119
9977713,TALLAPOOSA CO., ,11/25/1979,1352,Tornado,0,F2,0,2,250000,0,AL,CST, , ,C,123, ,0,0, , ,25,60,0, ,0, , ,11/25/1979,1352,32.73,-85.90,33.07,-85.73,"","",120
9977724,BIBB CO., ,03/08/1980,630,Tornado,0,F1,0,0,2500,0,AL,CST, , ,C,7, ,0,0, , ,6.1,73,0, ,0, , ,03/08/1980,630,32.97,-87.08,33.02,-87.00,"","",121
9977726,HOUSTON CO., ,03/08/1980,1145,Tornado,0,F2,0,5,250000,0,AL,CST, , ,C,69, ,0,0, , ,16,40,0, ,0, , ,03/08/1980,1145,31.20,-85.63,31.23,-85.37,"","",122
9977728,CLARKE CO., ,03/17/1980,950,Tornado,0,F1,0,0,25000,0,AL,CST, , ,C,25, ,0,0, , ,.2,50,0, ,0, , ,03/17/1980,950,31.70,-87.78, , ,"","",123
9977730,CLARKE CO., ,03/17/1980,1300,Tornado,0,F1,0,0,2500,0,AL,CST, , ,C,25, ,0,0, , ,.5,50,0, ,0, , ,03/17/1980,1300,31.65,-87.70, , ,"","",124
9977732,JEFFERSON CO., ,03/20/1980,2045,Tornado,0,F1,0,0,0,0,AL,CST, , ,C,73, ,0,0, , ,.1,50,0, ,0, , ,03/20/1980,2045,33.42,-87.20, , ,"","",125
9977736,TALLADEGA CO., ,03/20/1980,2155,Tornado,0,F2,0,6,250000,0,AL,CST, , ,C,121, ,0,0, , ,3.8,50,0, ,0, , ,03/20/1980,2155,33.17,-86.25,33.20,-86.20,"","",126
9977746,GENEVA CO., ,04/12/1980,700,Tornado,0,F2,0,1,250000,0,AL,CST, , ,C,61, ,0,0, , ,31.1,150,0, ,0, , ,04/12/1980,700,31.03,-86.10,31.12,-85.58,"","",127
9977749,MOBILE CO., ,04/13/1980,958,Tornado,0,F1,0,0,25000,0,AL,CST, , ,C,97, ,0,0, , ,.1,50,0, ,0, , ,04/13/1980,958,30.88,-88.27, , ,"","",128
9977750,MOBILE CO., ,04/13/1980,1008,Tornado,0,F1,0,0,250,0,AL,CST, , ,C,97, ,0,0, , ,.1,17,0, ,0, , ,04/13/1980,1008,31.07,-88.03, , ,"","",129
9977751,MOBILE CO., ,04/13/1980,1015,Tornado,0,F1,0,0,2500,0,AL,CST, , ,C,97, ,0,0, , ,.3,20,0, ,0, , ,04/13/1980,1015,30.68,-88.20, , ,"","",130
9977752,BALDWIN CO., ,04/13/1980,1200,Tornado,0,F2,0,0,25000,0,AL,CST, , ,C,3, ,0,0, , ,.1,50,0, ,0, , ,04/13/1980,1200,30.88,-87.78, , ,"","",131
9977753,MOBILE CO., ,04/13/1980,1208,Tornado,0,F1,0,0,25000,0,AL,CST, , ,C,97, ,0,0, , ,.1,30,0, ,0, , ,04/13/1980,1208,30.70,-88.08, , ,"","",132
9977756,LEE CO., ,04/13/1980,1430,Tornado,0,F2,0,13,2500000,0,AL,CST, , ,C,81, ,0,0, , ,11.3,440,0, ,0, , ,04/13/1980,1430,32.60,-85.45,32.68,-85.28,"","",133
9977760,JEFFERSON CO., ,04/25/1980,2145,Tornado,0,F2,0,0,250000,0,AL,CST, , ,C,73, ,0,0, , ,6.2,100,0, ,0, , ,04/25/1980,2145,33.33,-86.95,33.42,-86.92,"","",134
9977764,ETOWAH CO., ,04/27/1980,5,Tornado,0,F2,0,0,25000,0,AL,CST, , ,C,55, ,0,0, , ,3.8,100,0, ,0, , ,04/27/1980,5,34.08,-86.17,34.12,-86.12,"","",135
9977768,MOBILE CO., ,05/15/1980,1950,Tornado,0,F0,0,0,2500,0,AL,CST, , ,C,97, ,0,0, , ,.1,10,0, ,0, , ,05/15/1980,1950,30.40,-88.23, , ,"","",136
9977774,BALDWIN CO., ,05/17/1980,245,Tornado,0,F1,0,0,25000,0,AL,CST, , ,C,3, ,0,0, , ,4.6,23,0, ,0, , ,05/17/1980,245,31.07,-87.87,31.13,-87.87,"","",137
9977775,BALDWIN CO., ,05/17/1980,745,Tornado,0,F1,0,0,25000,0,AL,CST, , ,C,3, ,0,0, , ,9.9,40,0, ,0, , ,05/17/1980,745,30.28,-87.68,30.37,-87.55,"","",138
9978855,MOBILE CO., ,05/19/1980,2210,Tornado,0,F2,0,0,25000,0,AL,CST, , ,C,97, ,0,0, , ,.1,50,0, ,0, , ,05/19/1980,2210,30.60,-88.08, , ,"","",139
9978857,COVINGTON CO., ,05/20/1980,115,Tornado,0,F1,0,0,25000,0,AL,CST, , ,C,39, ,0,0, , ,16.2,50,0, ,0, , ,05/20/1980,115,31.40,-86.60,31.50,-86.35,"","",140
9978858,CRENSHAW CO., ,05/20/1980,145,Tornado,0,F1,0,0,25000,0,AL,CST, , ,C,41, ,0,0, , ,1.3,33,0, ,0, , ,05/20/1980,145,31.50,-86.35,31.52,-86.33,"","",141
9978859,COVINGTON CO., ,05/20/1980,215,Tornado,0,F1,0,0,25000,0,AL,CST, , ,C,39, ,0,0, , ,5.1,30,0, ,0, , ,05/20/1980,215,31.23,-86.25,31.28,-86.20,"","",142
9978860,COFFEE CO., ,05/20/1980,230,Tornado,0,F1,0,0,25000,0,AL,CST, , ,C,31, ,0,0, , ,14.6,33,0, ,0, , ,05/20/1980,230,31.28,-86.20,31.38,-85.98,"","",143
9978862,BARBOUR CO., ,05/20/1980,355,Tornado,0,F2,0,1,25000,0,AL,CST, , ,C,5, ,0,0, , ,11.5,50,0, ,0, , ,05/20/1980,355,31.73,-85.58,31.87,-85.47,"","",144
9978871,CLAY CO., ,06/17/1980,1554,Tornado,0,F2,0,0,25000,0,AL,CST, , ,C,27, ,0,0, , ,5.2,23,0, ,0, , ,06/17/1980,1554,33.33,-85.80,33.35,-85.72,"","",145
9978872,ETOWAH CO., ,06/17/1980,1830,Tornado,0,F2,0,0,250000,0,AL,CST, , ,C,55, ,0,0, , ,1,150,0, ,0, , ,06/17/1980,1830,34.00,-86.02, , ,"","",146
9978913,DALLAS CO., ,09/01/1980,1530,Tornado,0,F2,0,0,250000,0,AL,CST, , ,C,47, ,0,0, , ,.2,50,0, ,0, , ,09/01/1980,1530,32.40,-87.02, , ,"","",147
9978918,HOUSTON CO., ,09/10/1980,2030,Tornado,0,F1,0,0,250000,0,AL,CST, , ,C,69, ,0,0, , ,4.1,50,0, ,0, , ,09/10/1980,2030,31.28,-85.45,31.32,-85.40,"","",148
9975992,BALDWIN CO., ,11/23/1980,1430,Tornado,0,F0,0,0,25000,0,AL,CST, , ,C,3, ,0,0, , ,0,33,0, ,0, , ,11/23/1980,1430,30.28,-87.68, , ,"","",149
9976209,BALDWIN CO., ,02/10/1981,840,Tornado,0,F2,0,62,2500000,0,AL,CST, , ,C,3, ,0,0, , ,1.5,150,0, ,0, , ,02/10/1981,840,30.88,-87.78, , ,"","",150
9976212,HOUSTON CO., ,02/10/1981,1745,Tornado,0,F1,0,5,2500000,0,AL,CST, , ,C,69, ,0,0, , ,7.4,77,0, ,0, , ,02/10/1981,1745,31.13,-85.40,31.23,-85.37,"","",151
9976213,PIKE CO., ,03/04/1981,1720,Tornado,0,F1,0,0,250,0,AL,CST, , ,C,109, ,0,0, , ,.3,50,0, ,0, , ,03/04/1981,1720,31.67,-86.10, , ,"","",152
9976218,MONTGOMERY CO., ,03/18/1981,1220,Tornado,0,F1,0,0,250,0,AL,CST, , ,C,101, ,0,0, , ,.4,40,0, ,0, , ,03/18/1981,1220,32.28,-86.00, , ,"","",153
9976222,BULLOCK CO., ,03/18/1981,1350,Tornado,0,F1,0,0,250000,0,AL,CST, , ,C,11, ,0,0, , ,.3,40,0, ,0, , ,03/18/1981,1350,32.23,-85.43, , ,"","",154
9976223,CLAY CO., ,03/18/1981,1530,Tornado,0,F1,0,0,25000,0,AL,CST, , ,C,27, ,0,0, , ,13.8,50,0, ,0, , ,03/18/1981,1530,33.27,-85.90,33.18,-85.68,"","",155
9976234,BALDWIN CO., ,03/22/1981,1730,Tornado,0,F1,0,0,0,0,AL,CST, , ,C,3, ,0,0, , ,0,33,0, ,0, , ,03/22/1981,1730,30.75,-87.75, , ,"","",156
9976239,DALLAS CO., ,03/30/1981,230,Tornado,0,F1,0,0,25000,0,AL,CST, , ,C,47, ,0,0, , ,1,50,0, ,0, , ,03/30/1981,230,32.28,-87.37, , ,"","",157
9976240,DALLAS CO., ,03/30/1981,240,Tornado,0,F1,0,0,2500,0,AL,CST, , ,C,47, ,0,0, , ,.2,30,0, ,0, , ,03/30/1981,240,32.45,-87.12, , ,"","",158
9976244,CLAY CO., ,03/30/1981,330,Tornado,0,F1,0,0,25000,0,AL,CST, , ,C,27, ,0,0, , ,.4,60,0, ,0, , ,03/30/1981,330,33.12,-85.75, , ,"","",159
9976256,RUSSELL CO., ,04/01/1981,215,Tornado,0,F3,2,23,25000000,0,AL,CST, , ,C,113, ,0,0, , ,0,100,0, ,0, , ,04/01/1981,215,32.25,-85.40,32.25,-85.38,"","",160
9976264,MARSHALL CO., ,05/18/1981,1810,Tornado,0,F1,0,0,25000,0,AL,CST, , ,C,95, ,0,0, , ,.1,17,0, ,0, , ,05/18/1981,1810,34.35,-86.25, , ,"","",161
9977349,FAYETTE CO., ,07/05/1981,1020,Tornado,0,F0,0,0,2500,0,AL,CST, , ,C,57, ,0,0, , ,7.8,20,0, ,0, , ,07/05/1981,1020,33.85,-87.62,33.90,-87.50,"","",162
9977384,BALDWIN CO., ,08/18/1981,1420,Tornado,0,F0,0,0,30,0,AL,CST, , ,C,3, ,0,0, , ,.1,20,0, ,0, , ,08/18/1981,1420,30.68,-87.87, , ,"","",163
9977390,CHILTON CO., ,01/03/1982,1618,Tornado,0,F2,0,0,250000,0,AL,CST, , ,C,21, ,0,0, , ,15,140,0, ,0, , ,01/03/1982,1618,32.75,-86.52,32.78,-86.42,"","",164
9977391,COOSA CO., ,01/03/1982,1633,Tornado,0,F2,0,0,250000,0,AL,CST, , ,C,37, ,0,0, , ,0,140,0, ,0, , ,01/03/1982,1633,32.78,-86.42,32.83,-86.35,"","",165
9977392,AUTAUGA CO., ,01/03/1982,1722,Tornado,0,F2,0,6,250000,0,AL,CST, , ,C,1, ,0,0, , ,8,80,0, ,0, , ,01/03/1982,1722,32.68,-86.57,32.73,-86.55,"","",166
9977393,AUTAUGA CO., ,01/03/1982,1725,Tornado,0,F1,0,0,2500,0,AL,CST, , ,C,1, ,0,0, , ,1.5,77,0, ,0, , ,01/03/1982,1725,32.67,-86.52, , ,"","",167
9977394,CHILTON CO., ,01/03/1982,1730,Tornado,0,F1,0,4,25000,0,AL,CST, , ,C,21, ,0,0, , ,.1,13,0, ,0, , ,01/03/1982,1730,32.83,-86.65, , ,"","",168
9977395,CHILTON CO., ,01/03/1982,1730,Tornado,0,F2,0,6,250000,0,AL,CST, , ,C,21, ,0,0, , ,0,80,0, ,0, , ,01/03/1982,1730,32.73,-86.55,32.78,-86.48,"","",169
9977399,CULLMAN CO., ,01/03/1982,2240,Tornado,0,F2,0,0,250000,0,AL,CST, , ,C,43, ,0,0, , ,.5,100,0, ,0, , ,01/03/1982,2240,34.22,-86.73, , ,"","",170
9977400,MARSHALL CO., ,01/03/1982,2245,Tornado,0,F2,0,1,25000,0,AL,CST, , ,C,95, ,0,0, , ,2.5,100,0, ,0, , ,01/03/1982,2245,34.35,-86.45, , ,"","",171
9977406,MONROE CO., ,01/03/1982,2345,Tornado,0,F1,0,0,25000,0,AL,CST, , ,C,99, ,0,0, , ,1,40,0, ,0, , ,01/03/1982,2345,31.52,-87.33, , ,"","",172
9977407,HOUSTON CO., ,01/07/1982,1400,Tornado,0,F1,0,0,25000,0,AL,CST, , ,C,69, ,0,0, , ,1,50,0, ,0, , ,01/07/1982,1400,31.20,-85.32, , ,"","",173
9977415,CALHOUN CO., ,03/15/1982,1515,Tornado,0,F1,0,0,25000,0,AL,CST, , ,C,15, ,0,0, , ,8,77,0, ,0, , ,03/15/1982,1515,33.78,-85.88,33.77,-85.77,"","",174
9978526,LAUDERDALE CO., ,04/17/1982,335,Tornado,0,F1,0,0,250000,0,AL,CST, , ,C,77, ,0,0, , ,1,100,0, ,0, , ,04/17/1982,335,34.95,-87.22,34.95,-87.20,"","",175
9978527,LIMESTONE CO., ,04/17/1982,337,Tornado,0,F1,0,0,250000,0,AL,CST, , ,C,83, ,0,0, , ,25,100,0, ,0, , ,04/17/1982,337,34.95,-87.20,34.93,-86.78,"","",176
9978528,LAWRENCE CO., ,04/17/1982,400,Tornado,0,F1,0,0,30,0,AL,CST, , ,C,79, ,0,0, , ,.2,40,0, ,0, , ,04/17/1982,400,34.67,-87.33, , ,"","",177
9978529,MADISON CO., ,04/17/1982,425,Tornado,0,F1,0,0,250000,0,AL,CST, , ,C,89, ,0,0, , ,2,100,0, ,0, , ,04/17/1982,425,34.93,-86.78,34.92,-86.75,"","",178
9978532,MOBILE CO., ,04/25/1982,520,Tornado,0,F3,0,0,250000,0,AL,CST, , ,C,97, ,0,0, , ,1.5,100,0, ,0, , ,04/25/1982,520,30.25,-88.13, , ,"","",179
9978533,MOBILE CO., ,04/25/1982,525,Tornado,0,F1,0,0,2500,0,AL,CST, , ,C,97, ,0,0, , ,1,50,0, ,0, , ,04/25/1982,525,30.25,-88.12, , ,"","",180
9978534,BALDWIN CO., ,04/25/1982,530,Tornado,0,F1,0,0,25000,0,AL,CST, , ,C,3, ,0,0, , ,1,77,0, ,0, , ,04/25/1982,530,30.42,-87.60, , ,"","",181
9978538,LAMAR CO., ,04/26/1982,1325,Tornado,0,F3,0,0,250000,0,AL,CST, , ,C,75, ,0,0, , ,3,200,0, ,0, , ,04/26/1982,1325,33.93,-88.00,33.95,-87.95,"","",182
9978539,MARION CO., ,04/26/1982,1331,Tornado,0,F3,0,0,250000,0,AL,CST, , ,C,93, ,0,0, , ,9,200,0, ,0, , ,04/26/1982,1331,33.95,-87.95,33.95,-87.80,"","",183
9978548,AUTAUGA CO., ,04/26/1982,1510,Tornado,0,F1,0,0,250000,0,AL,CST, , ,C,1, ,0,0, , ,7,200,0, ,0, , ,04/26/1982,1510,32.55,-86.52,32.57,-86.40,"","",184
9978550,ELMORE CO., ,04/26/1982,1525,Tornado,0,F1,0,0,250000,0,AL,CST, , ,C,51, ,0,0, , ,5,200,0, ,0, , ,04/26/1982,1525,32.57,-86.40,32.63,-86.32,"","",185
9979641,BALDWIN CO., ,05/07/1982,1238,Tornado,0,F1,0,0,2500,0,AL,CST, , ,C,3, ,0,0, , ,2,30,0, ,0, , ,05/07/1982,1238,30.28,-87.68, , ,"","",186
9979656,HALE CO., ,06/04/1982,1345,Tornado,0,F1,0,0,250000,0,AL,CST, , ,C,65, ,0,0, , ,.5,40,0, ,0, , ,06/04/1982,1345,33.00,-87.62, , ,"","",187
9979674,JEFFERSON CO., ,06/28/1982,1635,Tornado,0,F1,0,1,250000,0,AL,CST, , ,C,73, ,0,0, , ,2.5,60,0, ,0, , ,06/28/1982,1635,33.48,-86.90, , ,"","",188
9979689,JEFFERSON CO., ,07/11/1982,1400,Tornado,0,F1,0,0,2500,0,AL,CST, , ,C,73, ,0,0, , ,1.2,30,0, ,0, , ,07/11/1982,1400,33.35,-87.13, , ,"","",189
9979696,JACKSON CO., ,07/22/1982,1400,Tornado,0,F0,0,0,250,0,AL,CST, , ,C,71, ,0,0, , ,.1,17,0, ,0, , ,07/22/1982,1400,34.82,-86.25, , ,"","",190
9979708,ELMORE CO., ,11/12/1982,1330,Tornado,0,F0,0,0,2500,0,AL,CST, , ,C,51, ,0,0, , ,.1,30,0, ,0, , ,11/12/1982,1330,32.60,-86.40, , ,"","",191
9976353,MOBILE CO., ,02/01/1983,530,Tornado,0,F0,0,1,25000,0,AL,CST, , ,C,97, ,0,0, , ,4,150,0, ,0, , ,02/01/1983,530,30.72,-88.17,30.75,-88.12,"","",192
9976367,WALKER CO., ,02/22/1983,1315,Tornado,0,F2,0,0,250000,0,AL,CST, , ,C,127, ,0,0, , ,6,90,0, ,0, , ,02/22/1983,1315,33.90,-87.30,34.00,-87.23,"","",193
9976369,WINSTON CO., ,02/22/1983,1325,Tornado,0,F2,0,0,250000,0,AL,CST, , ,C,133, ,0,0, , ,2,90,0, ,0, , ,02/22/1983,1325,34.00,-87.23,34.03,-87.22,"","",194
9976370,CULLMAN CO., ,02/22/1983,1405,Tornado,0,F2,0,0,250000,0,AL,CST, , ,C,43, ,0,0, , ,1.5,60,0, ,0, , ,02/22/1983,1405,34.07,-86.77, , ,"","",195
9976371,CULLMAN CO., ,02/22/1983,1415,Tornado,0,F1,0,0,25000,0,AL,CST, , ,C,43, ,0,0, , ,1,40,0, ,0, , ,02/22/1983,1415,34.08,-86.77, , ,"","",196
9976374,MARSHALL CO., ,02/22/1983,1528,Tornado,0,F2,0,0,2500000,0,AL,CST, , ,C,95, ,0,0, , ,2.2,440,0, ,0, , ,02/22/1983,1528,34.27,-86.22, , ,"","",197
9976390,BUTLER CO., ,03/20/1983,1310,Tornado,0,F1,0,0,30,0,AL,CST, , ,C,13, ,0,0, , ,.1,30,0, ,0, , ,03/20/1983,1310,31.63,-86.75, , ,"","",198
9976392,MOBILE CO., ,03/26/1983,1650,Tornado,0,F1,0,0,250000,0,AL,CST, , ,C,97, ,0,0, , ,.1,20,0, ,0, , ,03/26/1983,1650,30.55,-88.17, , ,"","",199
9976409,BALDWIN CO., ,04/14/1983,612,Tornado,0,F1,0,0,2500,0,AL,CST, , ,C,3, ,0,0, , ,.1,30,0, ,0, , ,04/14/1983,612,30.52,-87.87, , ,"","",200
9976414,ELMORE CO., ,04/23/1983,1410,Tornado,0,F1,0,0,250,0,AL,CST, , ,C,51, ,0,0, , ,.1,40,0, ,0, , ,04/23/1983,1410,32.53,-86.20, , ,"","",201
9976422,CULLMAN CO., ,05/03/1983,710,Tornado,0,F1,0,0,25000,0,AL,CST, , ,C,43, ,0,0, , ,.1,50,0, ,0, , ,05/03/1983,710,34.27,-86.75, , ,"","",202
9977501,CULLMAN CO., ,05/15/1983,919,Tornado,0,F1,0,0,2500,0,AL,CST, , ,C,43, ,0,0, , ,.1,50,0, ,0, , ,05/15/1983,919,34.23,-87.00, , ,"","",203
9977505,MACON CO., ,05/16/1983,230,Tornado,0,F1,0,0,2500,0,AL,CST, , ,C,87, ,0,0, , ,6,50,0, ,0, , ,05/16/1983,230,32.45,-85.83,32.47,-85.70,"","",204
9977507,COFFEE CO., ,05/16/1983,310,Tornado,0,F3,0,1,250000,0,AL,CST, , ,C,31, ,0,0, , ,1.5,150,0, ,0, , ,05/16/1983,310,31.38,-85.93, , ,"","",205
9977513,CULLMAN CO., ,05/19/1983,230,Tornado,0,F2,0,0,25000,0,AL,CST, , ,C,43, ,0,0, , ,2,150,0, ,0, , ,05/19/1983,230,34.27,-87.05,34.30,-87.03,"","",206
9977514,MORGAN CO., ,05/19/1983,235,Tornado,0,F2,0,0,25000,0,AL,CST, , ,C,103, ,0,0, , ,2,150,0, ,0, , ,05/19/1983,235,34.30,-87.03,34.33,-87.03,"","",207
9977517,CLARKE CO., ,05/19/1983,925,Tornado,0,F2,0,0,25000,0,AL,CST, , ,C,25, ,0,0, , ,22,100,0, ,0, , ,05/19/1983,925,31.62,-88.02,31.75,-87.67,"","",208
9977518,MARSHALL CO., ,05/19/1983,1435,Tornado,0,F1,0,2,25000,0,AL,CST, , ,C,95, ,0,0, , ,1.5,80,0, ,0, , ,05/19/1983,1435,34.20,-86.20, , ,"","",209
9977519,DEKALB CO., ,05/19/1983,1615,Tornado,0,F3,0,3,2500000,0,AL,CST, , ,C,49, ,0,0, , ,1.2,473,0, ,0, , ,05/19/1983,1615,34.48,-85.68, , ,"","",210
9977538,ETOWAH CO., ,06/16/1983,1510,Tornado,0,F1,0,1,250000,0,AL,CST, , ,C,55, ,0,0, , ,4,33,0, ,0, , ,06/16/1983,1510,33.88,-86.05,33.93,-86.02,"","",211
9977553,BALDWIN CO., ,07/20/1983,1545,Tornado,0,F1,0,0,2500,0,AL,CST, , ,C,3, ,0,0, , ,.2,50,0, ,0, , ,07/20/1983,1545,30.55,-87.72, , ,"","",212
9978645,BIBB CO., ,08/22/1983,1437,Tornado,0,F1,0,0,250000,0,AL,CST, , ,C,7, ,0,0, , ,.3,70,0, ,0, , ,08/22/1983,1437,33.18,-87.15, , ,"","",213
9978669,HALE CO., ,08/29/1983,1320,Tornado,0,F1,0,0,2500,0,AL,CST, , ,C,65, ,0,0, , ,2,200,0, ,0, , ,08/29/1983,1320,32.87,-87.65, , ,"","",214
9978676,CLARKE CO., ,11/14/1983,1730,Tornado,0,F0,0,0,2500,0,AL,CST, , ,C,25, ,0,0, , ,.1,50,0, ,0, , ,11/14/1983,1730,31.78,-87.73, , ,"","",215
9978678,CULLMAN CO., ,11/15/1983,12,Tornado,0,F3,0,19,2500000,0,AL,CST, , ,C,43, ,0,0, , ,17,200,0, ,0, , ,11/15/1983,12,34.10,-86.87,34.27,-86.62,"","",216
9978680,BLOUNT CO., ,11/15/1983,130,Tornado,0,F2,0,0,25000,0,AL,CST, , ,C,9, ,0,0, , ,.5,33,0, ,0, , ,11/15/1983,130,33.82,-86.58, , ,"","",217
9978681,TUSCALOOSA CO., ,11/15/1983,130,Tornado,0,F2,0,0,25000,0,AL,CST, , ,C,125, ,0,0, , ,.2,40,0, ,0, , ,11/15/1983,130,33.37,-87.32, , ,"","",218
9978682,CHEROKEE CO., ,11/15/1983,255,Tornado,0,F1,0,0,25000,0,AL,CST, , ,C,19, ,0,0, , ,.8,40,0, ,0, , ,11/15/1983,255,34.10,-85.58, , ,"","",219
9978683,BALDWIN CO., ,11/15/1983,705,Tornado,0,F1,0,0,25000,0,AL,CST, , ,C,3, ,0,0, , ,.1,20,0, ,0, , ,11/15/1983,705,30.55,-87.72, , ,"","",220
9978687,ESCAMBIA CO., ,11/20/1983,140,Tornado,0,F1,0,1,250000,0,AL,CST, , ,C,53, ,0,0, , ,1.5,100,0, ,0, , ,11/20/1983,140,31.03,-87.05, , ,"","",221
9978693,FAYETTE CO., ,11/23/1983,1120,Tornado,0,F1,0,0,25000,0,AL,CST, , ,C,57, ,0,0, , ,8,67,0, ,0, , ,11/23/1983,1120,33.75,-87.93,33.83,-87.82,"","",222
9978698,WILCOX CO., ,11/23/1983,1148,Tornado,0,F2,0,2,250000,0,AL,CST, , ,C,131, ,0,0, , ,4,77,0, ,0, , ,11/23/1983,1148,31.97,-87.30,31.98,-87.27,"","",223
9978699,WALKER CO., ,11/23/1983,1200,Tornado,0,F2,0,0,25000,0,AL,CST, , ,C,127, ,0,0, , ,.5,150,0, ,0, , ,11/23/1983,1200,33.92,-87.22, , ,"","",224
9979784,MARENGO CO., ,11/27/1983,1300,Tornado,0,F1,0,0,25000,0,AL,CST, , ,C,91, ,0,0, , ,.1,100,0, ,0, , ,11/27/1983,1300,32.27,-87.68, , ,"","",225
9979785,TUSCALOOSA CO., ,12/03/1983,1605,Tornado,0,F1,0,0,2500,0,AL,CST, , ,C,125, ,0,0, , ,.1,30,0, ,0, , ,12/03/1983,1605,33.33,-87.55, , ,"","",226
9979786,SUMTER CO., ,12/03/1983,1620,Tornado,0,F1,0,0,250000,0,AL,CST, , ,C,119, ,0,0, , ,.2,50,0, ,0, , ,12/03/1983,1620,32.47,-88.30, , ,"","",227
9979788,HALE CO., ,12/03/1983,1650,Tornado,0,F1,0,0,25000,0,AL,CST, , ,C,65, ,0,0, , ,4,60,0, ,0, , ,12/03/1983,1650,32.83,-87.50,32.90,-87.43,"","",228
9979789,BIBB CO., ,12/03/1983,1702,Tornado,0,F1,0,0,25000,0,AL,CST, , ,C,7, ,0,0, , ,10,60,0, ,0, , ,12/03/1983,1702,32.90,-87.43,32.98,-87.25,"","",229
9979791,BIBB CO., ,12/03/1983,1710,Tornado,0,F1,0,0,25000,0,AL,CST, , ,C,7, ,0,0, , ,13,60,0, ,0, , ,12/03/1983,1710,33.00,-87.22,33.17,-87.05,"","",230
9979802,SHELBY CO., ,12/03/1983,1740,Tornado,0,F1,0,0,25000,0,AL,CST, , ,C,117, ,0,0, , ,2,60,0, ,0, , ,12/03/1983,1740,33.17,-87.05,33.22,-86.97,"","",231
9979803,CLARKE CO., ,12/03/1983,1740,Tornado,0,F1,0,0,250000,0,AL,CST, , ,C,25, ,0,0, , ,5,50,0, ,0, , ,12/03/1983,1740,31.65,-87.83,31.67,-87.72,"","",232
9979805,CHILTON CO., ,12/03/1983,1745,Tornado,0,F1,0,0,25000,0,AL,CST, , ,C,21, ,0,0, , ,.2,30,0, ,0, , ,12/03/1983,1745,32.85,-86.63, , ,"","",233
9979815,CALHOUN CO., ,12/03/1983,1837,Tornado,0,F3,2,51,2500000,0,AL,CST, , ,C,15, ,0,0, , ,4,150,0, ,0, , ,12/03/1983,1837,33.58,-85.83,33.63,-85.80,"","",234
9979827,RUSSELL CO., ,12/03/1983,2115,Tornado,0,F1,0,0,25000,0,AL,CST, , ,C,113, ,0,0, , ,.1,40,0, ,0, , ,12/03/1983,2115,32.08,-85.08, , ,"","",235
9979829,DALLAS CO., ,12/06/1983,251,Tornado,0,F3,1,19,2500000,0,AL,CST, , ,C,47, ,0,0, , ,13,500,0, ,0, , ,12/06/1983,251,32.40,-87.07,32.55,-86.90,"","",236
9979839,MOBILE CO., ,12/11/1983,315,Tornado,0,F1,0,0,25000,0,AL,CST, , ,C,97, ,0,0, , ,.1,30,0, ,0, , ,12/11/1983,315,31.12,-88.18, , ,"","",237
9979841,PICKENS CO., ,12/11/1983,1700,Tornado,0,F0,0,0,25000,0,AL,CST, , ,C,107, ,0,0, , ,3,100,0, ,0, , ,12/11/1983,1700,33.48,-88.15,33.52,-88.10,"","",238
9979842,TUSCALOOSA CO., ,12/11/1983,1845,Tornado,0,F1,0,0,25000,0,AL,CST, , ,C,125, ,0,0, , ,.5,127,0, ,0, , ,12/11/1983,1845,33.30,-88.65, , ,"","",239
9979846,COVINGTON CO., ,12/28/1983,440,Tornado,0,F2,0,1,250000,0,AL,CST, , ,C,39, ,0,0, , ,15,80,0, ,0, , ,12/28/1983,440,31.28,-86.63,31.48,-86.43,"","",240
9979851,HALE CO., ,02/12/1984,1628,Tornado,0,F1,0,0,25000,0,AL,CST, , ,C,65, ,0,0, , ,.1,30,0, ,0, , ,02/12/1984,1628,32.70,-87.58, , ,"","",241
9976717,COFFEE CO., ,03/05/1984,1245,Tornado,0,F2,0,4,250000,0,AL,CST, , ,C,31, ,0,0, , ,.9,50,0, ,0, , ,03/05/1984,1245,31.55,-85.82, , ,"","",242
9976718,DALE CO., ,03/05/1984,1250,Tornado,0,F2,0,14,25000000,0,AL,CST, , ,C,45, ,0,0, , ,8,50,0, ,0, , ,03/05/1984,1250,31.35,-85.73,31.45,-85.65,"","",243
9976721,HOUSTON CO., ,03/20/1984,1130,Tornado,0,F1,0,0,25000,0,AL,CST, , ,C,69, ,0,0, , ,.1,30,0, ,0, , ,03/20/1984,1130,31.17,-85.22, , ,"","",244
9976731,WASHINGTON CO., ,03/24/1984,1930,Tornado,0,F2,0,0,250000,0,AL,CST, , ,C,129, ,0,0, , ,2,80,0, ,0, , ,03/24/1984,1930,31.52,-88.05, , ,"","",245
9976732,JACKSON CO., ,03/24/1984,1938,Tornado,0,F3,0,0,2500000,0,AL,CST, , ,C,71, ,0,0, , ,4,60,0, ,0, , ,03/24/1984,1938,31.52,-87.93,31.53,-87.88,"","",246
9976749,FAYETTE CO., ,03/28/1984,8,Tornado,0,F1,0,0,2500,0,AL,CST, , ,C,57, ,0,0, , ,.5,100,0, ,0, , ,03/28/1984,8,33.83,-87.62, , ,"","",247
9976755,JEFFERSON CO., ,03/28/1984,119,Tornado,0,F1,0,0,25000,0,AL,CST, , ,C,73, ,0,0, , ,.1,60,0, ,0, , ,03/28/1984,119,33.45,-86.73, , ,"","",248
9976773,BIBB CO., ,04/19/1984,1657,Tornado,0,F0,0,0,250,0,AL,CST, , ,C,7, ,0,0, , ,.1,33,0, ,0, , ,04/19/1984,1657,32.92,-87.18, , ,"","",249
9976777,TALLAPOOSA CO., ,04/19/1984,1910,Tornado,0,F1,0,0,25000,0,AL,CST, , ,C,123, ,0,0, , ,.1,33,0, ,0, , ,04/19/1984,1910,32.60,-85.80, , ,"","",250
9977855,BIBB CO., ,04/22/1984,551,Tornado,0,F2,0,0,250000,0,AL,CST, , ,C,7, ,0,0, , ,1,80,0, ,0, , ,04/22/1984,551,32.93,-87.17, , ,"","",251
9977856,MONTGOMERY CO., ,04/22/1984,920,Tornado,0,F1,0,0,25000,0,AL,CST, , ,C,101, ,0,0, , ,.2,3,0, ,0, , ,04/22/1984,920,32.38,-86.42, , ,"","",252
9977857,CHAMBERS CO., ,04/22/1984,1114,Tornado,0,F1,0,0,25000,0,AL,CST, , ,C,17, ,0,0, , ,10,60,0, ,0, , ,04/22/1984,1114,32.72,-85.50,32.83,-85.43,"","",253
9977867,JEFFERSON CO., ,05/02/1984,1333,Tornado,0,F0,0,0,25000,0,AL,CST, , ,C,73, ,0,0, , ,1,80,0, ,0, , ,05/02/1984,1333,33.62,-86.80, , ,"","",254
9977886,LIMESTONE CO., ,05/03/1984,30,Tornado,0,F1,0,0,25000,0,AL,CST, , ,C,83, ,0,0, , ,3.5,100,0, ,0, , ,05/03/1984,30,34.73,-87.07,34.77,-87.02,"","",255
9977898,MONTGOMERY CO., ,05/03/1984,600,Tornado,0,F3,5,37,2500000,0,AL,CST, , ,C,101, ,0,0, , ,6,800,0, ,0, , ,05/03/1984,600,32.37,-86.40,32.43,-86.37,"","",256
9977899,ELMORE CO., ,05/03/1984,612,Tornado,0,F3,0,0,2500000,0,AL,CST, , ,C,51, ,0,0, , ,1,800,0, ,0, , ,05/03/1984,612,32.43,-86.37,32.45,-86.35,"","",257
9977904,MACON CO., ,05/03/1984,710,Tornado,0,F1,0,0,25000,0,AL,CST, , ,C,87, ,0,0, , ,7.5,80,0, ,0, , ,05/03/1984,710,32.43,-85.90,32.53,-85.80,"","",258
9977906,HOUSTON CO., ,05/03/1984,810,Tornado,0,F1,0,0,25000,0,AL,CST, , ,C,69, ,0,0, , ,.5,400,0, ,0, , ,05/03/1984,810,31.62,-85.17, , ,"","",259
9977911,SUMTER CO., ,05/03/1984,1048,Tornado,0,F0,0,0,250,0,AL,CST, , ,C,119, ,0,0, , ,.1,30,0, ,0, , ,05/03/1984,1048,32.38,-88.32, , ,"","",260
9977916,SHELBY CO., ,05/03/1984,1130,Tornado,0,F1,0,0,2500,0,AL,CST, , ,C,117, ,0,0, , ,1,60,0, ,0, , ,05/03/1984,1130,33.38,-86.42, , ,"","",261
9977917,SHELBY CO., ,05/03/1984,1135,Tornado,0,F2,0,0,250000,0,AL,CST, , ,C,117, ,0,0, , ,1,200,0, ,0, , ,05/03/1984,1135,33.25,-86.38,33.27,-86.37,"","",262
9977918,TALLADEGA CO., ,05/03/1984,1138,Tornado,0,F2,0,0,250000,0,AL,CST, , ,C,121, ,0,0, , ,11,200,0, ,0, , ,05/03/1984,1138,33.27,-86.37,33.32,-86.18,"","",263
9977919,DALLAS CO., ,05/03/1984,1140,Tornado,0,F2,0,0,2500000,0,AL,CST, , ,C,47, ,0,0, , ,7.5,50,0, ,0, , ,05/03/1984,1140,32.43,-87.07,32.43,-86.97,"","",264
9978780,DALE CO., ,05/03/1984,1149,Tornado,0,F0,0,0,0,0,AL,CST, , ,C,45, ,0,0, , ,0,33,0, ,0, , ,05/03/1984,1149,31.30,-85.72, , ,"","",265
9978994,DALE CO., ,05/03/1984,1156,Tornado,0,F2,0,0,25000,0,AL,CST, , ,C,45, ,0,0, , ,5.5,200,0, ,0, , ,05/03/1984,1156,31.28,-85.60,31.32,-85.48,"","",266
9978996,CLAY CO., ,05/03/1984,1215,Tornado,0,F2,0,2,250000,0,AL,CST, , ,C,27, ,0,0, , ,7,300,0, ,0, , ,05/03/1984,1215,33.43,-85.73,33.48,-85.63,"","",267
9978999,CLEBURNE CO., ,05/03/1984,1218,Tornado,0,F2,0,0,250000,0,AL,CST, , ,C,29, ,0,0, , ,8.4,400,0, ,0, , ,05/03/1984,1218,33.53,-85.68,33.57,-85.52,"","",268
9979001,CLEBURNE CO., ,05/03/1984,1222,Tornado,0,F1,0,0,25000,0,AL,CST, , ,C,29, ,0,0, , ,1,100,0, ,0, , ,05/03/1984,1222,33.67,-85.57, , ,"","",269
9979003,RANDOLPH CO., ,05/03/1984,1227,Tornado,0,F2,0,0,250000,0,AL,CST, , ,C,111, ,0,0, , ,6,300,0, ,0, , ,05/03/1984,1227,33.48,-85.63,33.50,-85.53,"","",270
9979007,RANDOLPH CO., ,05/03/1984,1235,Tornado,0,F1,0,0,25000,0,AL,CST, , ,C,111, ,0,0, , ,5,80,0, ,0, , ,05/03/1984,1235,33.43,-85.42,33.47,-85.35,"","",271
9979009,CLEBURNE CO., ,05/03/1984,1240,Tornado,0,F2,0,0,250000,0,AL,CST, , ,C,29, ,0,0, , ,5,400,0, ,0, , ,05/03/1984,1240,33.52,-85.40,33.50,-85.33,"","",272
9979010,MACON CO., ,05/03/1984,1300,Tornado,0,F2,0,0,250000,0,AL,CST, , ,C,87, ,0,0, , ,3.5,100,0, ,0, , ,05/03/1984,1300,32.43,-85.62,32.43,-85.57,"","",273
9979012,LEE CO., ,05/03/1984,1330,Tornado,0,F2,0,1,250000,0,AL,CST, , ,C,81, ,0,0, , ,.4,100,0, ,0, , ,05/03/1984,1330,32.52,-85.07, , ,"","",274
9979045,JEFFERSON CO., ,05/07/1984,2115,Tornado,0,F1,0,2,25000,0,AL,CST, , ,C,73, ,0,0, , ,1,100,0, ,0, , ,05/07/1984,2115,33.58,-87.05, , ,"","",275
9979053,TALLADEGA CO., ,05/07/1984,2300,Tornado,0,F1,0,0,25000,0,AL,CST, , ,C,121, ,0,0, , ,.1,50,0, ,0, , ,05/07/1984,2300,33.25,-86.20, , ,"","",276
9979062,COVINGTON CO., ,06/13/1984,1515,Tornado,0,F1,0,0,25000,0,AL,CST, , ,C,39, ,0,0, , ,.2,70,0, ,0, , ,06/13/1984,1515,31.00,-86.33, , ,"","",277
9975653,MARSHALL CO., ,07/05/1984,130,Tornado,0,F1,0,0,25000,0,AL,CST, , ,C,95, ,0,0, , ,2.5,40,0, ,0, , ,07/05/1984,130,34.32,-86.27, , ,"","",278
9975677,COVINGTON CO., ,09/15/1984,1515,Tornado,0,F1,0,0,25000,0,AL,CST, , ,C,39, ,0,0, , ,2,33,0, ,0, , ,09/15/1984,1515,31.27,-86.27, , ,"","",279
9975679,CONECUH CO., ,10/15/1984,1130,Tornado,0,F2,0,0,250000,0,AL,CST, , ,C,35, ,0,0, , ,3.5,400,0, ,0, , ,10/15/1984,1130,31.30,-87.23,31.33,-87.18,"","",280
9975684,LAMAR CO., ,11/10/1984,1220,Tornado,0,F0,0,0,2500,0,AL,CST, , ,C,75, ,0,0, , ,1.5,50,0, ,0, , ,11/10/1984,1220,33.68,-88.10, , ,"","",281
9975685,PICKENS CO., ,11/10/1984,1306,Tornado,0,F2,0,0,250000,0,AL,CST, , ,C,107, ,0,0, , ,.2,400,0, ,0, , ,11/10/1984,1306,33.23,-87.85,33.23,-87.82,"","",282
9975686,TUSCALOOSA CO., ,11/10/1984,1307,Tornado,0,F2,0,0,250000,0,AL,CST, , ,C,125, ,0,0, , ,13.8,400,0, ,0, , ,11/10/1984,1307,33.23,-87.82,33.23,-87.60,"","",283
9975690,MORGAN CO., ,11/10/1984,1422,Tornado,0,F1,0,0,25000,0,AL,CST, , ,C,103, ,0,0, , ,1.5,40,0, ,0, , ,11/10/1984,1422,34.43,-86.73, , ,"","",284
9975692,CLAY CO., ,11/10/1984,1540,Tornado,0,F1,0,0,25000,0,AL,CST, , ,C,27, ,0,0, , ,9.5,100,0, ,0, , ,11/10/1984,1540,33.22,-85.90,33.33,-85.73,"","",285
9975693,RANDOLPH CO., ,11/10/1984,1550,Tornado,0,F1,0,0,250000,0,AL,CST, , ,C,111, ,0,0, , ,5,50,0, ,0, , ,11/10/1984,1550,33.37,-85.38,33.42,-85.28,"","",286
9975700,AUTAUGA CO., ,01/31/1985,1652,Tornado,0,F0,0,0,30,0,AL,CST, , ,C,1, ,0,0, , ,.5,50,0, ,0, , ,01/31/1985,1652,32.43,-86.53, , ,"","",287
9975703,BALDWIN CO., ,02/11/1985,450,Tornado,0,F1,0,0,25000,0,AL,CST, , ,C,3, ,0,0, , ,2,60,0, ,0, , ,02/11/1985,450,30.60,-87.77, , ,"","",288
9976880,CULLMAN CO., ,04/05/1985,1634,Tornado,0,F3,0,0,250000,0,AL,CST, , ,C,43, ,0,0, , ,3,100,0, ,0, , ,04/05/1985,1634,34.27,-86.75,34.30,-86.70,"","",289
9976883,MARSHALL CO., ,04/05/1985,1645,Tornado,0,F3,0,5,2500000,0,AL,CST, , ,C,95, ,0,0, , ,8,277,0, ,0, , ,04/05/1985,1645,34.20,-86.32,34.28,-86.20,"","",290
9976894,ETOWAH CO., ,04/05/1985,1710,Tornado,0,F3,0,1,2500000,0,AL,CST, , ,C,55, ,0,0, , ,8,500,0, ,0, , ,04/05/1985,1710,34.13,-86.18,34.20,-86.05,"","",291
9976897,BLOUNT CO., ,04/05/1985,1715,Tornado,0,F1,0,0,250000,0,AL,CST, , ,C,9, ,0,0, , ,1,100,0, ,0, , ,04/05/1985,1715,33.87,-86.65, , ,"","",292
9976901,ST. CLAIR CO., ,04/05/1985,1720,Tornado,0,F1,0,0,25000,0,AL,CST, , ,C,115, ,0,0, , ,1.5,100,0, ,0, , ,04/05/1985,1720,33.48,-86.30,33.47,-86.30,"","",293
9976902,TALLADEGA CO., ,04/05/1985,1722,Tornado,0,F1,0,0,25000,0,AL,CST, , ,C,121, ,0,0, , ,1.5,100,0, ,0, , ,04/05/1985,1722,33.47,-86.30,33.45,-86.30,"","",294
9976912,TALLADEGA CO., ,04/05/1985,1745,Tornado,0,F2,0,5,250000,0,AL,CST, , ,C,121, ,0,0, , ,2,200,0, ,0, , ,04/05/1985,1745,33.57,-85.88,33.58,-85.85,"","",295
9976916,CALHOUN CO., ,04/05/1985,1752,Tornado,0,F2,0,0,250000,0,AL,CST, , ,C,15, ,0,0, , ,1,200,0, ,0, , ,04/05/1985,1752,33.58,-85.85,33.60,-85.83,"","",296
9978004,MADISON CO., ,04/14/1985,1920,Tornado,0,F1,0,0,25000,0,AL,CST, , ,C,89, ,0,0, , ,.1,30,0, ,0, , ,04/14/1985,1920,34.72,-86.65, , ,"","",297
9978039,LAMAR CO., ,05/01/1985,1437,Tornado,0,F2,0,0,250000,0,AL,CST, , ,C,75, ,0,0, , ,3.2,100,0, ,0, , ,05/01/1985,1437,33.83,-88.13,33.87,-88.10,"","",298
9978041,BALDWIN CO., ,05/01/1985,1755,Tornado,0,F0,0,0,2500,0,AL,CST, , ,C,3, ,0,0, , ,.1,3,0, ,0, , ,05/01/1985,1755,30.23,-87.78, , ,"","",299
9979161,CLAY CO., ,06/07/1985,1835,Tornado,0,F1,0,0,25000,0,AL,CST, , ,C,27, ,0,0, , ,.2,200,0, ,0, , ,06/07/1985,1835,33.13,-85.68, , ,"","",300
9979191,BALDWIN CO., ,07/06/1985,300,Tornado,0,F0,0,0,25000,0,AL,CST, , ,C,3, ,0,0, , ,1,30,0, ,0, , ,07/06/1985,300,30.60,-87.90, , ,"","",301
9976501,CULLMAN CO., ,08/01/1985,1619,Tornado,0,F0,0,0,30,0,AL,CST, , ,C,43, ,0,0, , ,.1,30,0, ,0, , ,08/01/1985,1619,34.10,-86.87, , ,"","",302
9976515,WALKER CO., ,08/16/1985,1000,Tornado,0,F2,1,1,2500000,0,AL,CST, , ,C,127, ,0,0, , ,1.3,120,0, ,0, , ,08/16/1985,1000,33.73,-87.28, , ,"","",303
9976516,WALKER CO., ,08/16/1985,1010,Tornado,0,F2,0,5,2500000,0,AL,CST, , ,C,127, ,0,0, , ,1.5,130,0, ,0, , ,08/16/1985,1010,33.83,-87.28, , ,"","",304
9976519,LAWRENCE CO., ,08/16/1985,1120,Tornado,0,F1,0,0,2500,0,AL,CST, , ,C,79, ,0,0, , ,.1,30,0, ,0, , ,08/16/1985,1120,34.42,-87.22, , ,"","",305
9976520,COLBERT CO., ,08/16/1985,1135,Tornado,0,F2,0,2,250000,0,AL,CST, , ,C,33, ,0,0, , ,8,100,0, ,0, , ,08/16/1985,1135,34.65,-87.63,34.75,-87.67,"","",306
9976521,MORGAN CO., ,08/16/1985,1140,Tornado,0,F3,0,2,2500000,0,AL,CST, , ,C,103, ,0,0, , ,22,100,0, ,0, , ,08/16/1985,1140,34.37,-87.08,34.70,-87.08,"","",307
9976522,JEFFERSON CO., ,08/16/1985,1155,Tornado,0,F2,0,0,250000,0,AL,CST, , ,C,73, ,0,0, , ,3,600,0, ,0, , ,08/16/1985,1155,33.48,-87.10,33.53,-87.12,"","",308
9976523,JEFFERSON CO., ,08/16/1985,1218,Tornado,0,F1,0,0,25000,0,AL,CST, , ,C,73, ,0,0, , ,2,50,0, ,0, , ,08/16/1985,1218,33.65,-87.07,33.68,-87.05,"","",309
9976524,WALKER CO., ,08/16/1985,1222,Tornado,0,F1,0,0,25000,0,AL,CST, , ,C,127, ,0,0, , ,1,50,0, ,0, , ,08/16/1985,1222,33.68,-87.05,33.70,-87.05,"","",310
9976525,LIMESTONE CO., ,08/16/1985,1229,Tornado,0,F3,0,0,2500000,0,AL,CST, , ,C,83, ,0,0, , ,23,100,0, ,0, , ,08/16/1985,1229,34.70,-87.08,35.02,-87.12,"","",311
9976526,WALKER CO., ,08/16/1985,1230,Tornado,0,F1,0,0,25000,0,AL,CST, , ,C,127, ,0,0, , ,.1,30,0, ,0, , ,08/16/1985,1230,33.77,-87.08, , ,"","",312
9976528,CULLMAN CO., ,08/16/1985,1233,Tornado,0,F1,0,0,25000,0,AL,CST, , ,C,43, ,0,0, , ,.6,30,0, ,0, , ,08/16/1985,1233,33.98,-87.03, , ,"","",313
9976529,JEFFERSON CO., ,08/16/1985,1245,Tornado,0,F1,0,0,25000,0,AL,CST, , ,C,73, ,0,0, , ,.2,40,0, ,0, , ,08/16/1985,1245,33.57,-86.67, , ,"","",314
9976530,CULLMAN CO., ,08/16/1985,1255,Tornado,0,F0,0,0,2500,0,AL,CST, , ,C,43, ,0,0, , ,.8,40,0, ,0, , ,08/16/1985,1255,34.02,-87.10, , ,"","",315
9976531,CULLMAN CO., ,08/16/1985,1315,Tornado,0,F3,0,6,2500000,0,AL,CST, , ,C,43, ,0,0, , ,18,100,0, ,0, , ,08/16/1985,1315,34.07,-86.83,34.35,-86.75,"","",316
9976532,LAUDERDALE CO., ,08/16/1985,1316,Tornado,0,F1,0,0,30,0,AL,CST, , ,C,77, ,0,0, , ,.2,40,0, ,0, , ,08/16/1985,1316,34.93,-87.83, , ,"","",317
9976533,CULLMAN CO., ,08/16/1985,1320,Tornado,0,F1,0,0,2500,0,AL,CST, , ,C,43, ,0,0, , ,5.5,50,0, ,0, , ,08/16/1985,1320,34.12,-86.77,34.18,-86.73,"","",318
9976534,JACKSON CO., ,08/16/1985,1330,Tornado,0,F0,0,0,250,0,AL,CST, , ,C,71, ,0,0, , ,.1,20,0, ,0, , ,08/16/1985,1330,34.58,-85.98, , ,"","",319
9976537,JEFFERSON CO., ,08/16/1985,1348,Tornado,0,F1,0,0,25000,0,AL,CST, , ,C,73, ,0,0, , ,.1,30,0, ,0, , ,08/16/1985,1348,33.63,-87.07, , ,"","",320
9976538,MORGAN CO., ,08/16/1985,1351,Tornado,0,F3,0,0,2500000,0,AL,CST, , ,C,103, ,0,0, , ,14,100,0, ,0, , ,08/16/1985,1351,34.35,-86.75,34.50,-86.68,"","",321
9976539,CLAY CO., ,08/16/1985,1400,Tornado,0,F0,0,0,2500,0,AL,CST, , ,C,27, ,0,0, , ,.1,30,0, ,0, , ,08/16/1985,1400,33.35,-85.72, , ,"","",322
9976540,MADISON CO., ,08/16/1985,1408,Tornado,0,F2,0,0,250000,0,AL,CST, , ,C,89, ,0,0, , ,13,100,0, ,0, , ,08/16/1985,1408,34.68,-86.70,34.82,-86.72,"","",323
9976542,CULLMAN CO., ,08/16/1985,1420,Tornado,0,F2,0,0,250000,0,AL,CST, , ,C,43, ,0,0, , ,10,80,0, ,0, , ,08/16/1985,1420,33.97,-86.88,34.05,-86.72,"","",324
9976543,MADISON CO., ,08/16/1985,1530,Tornado,0,F1,0,0,25000,0,AL,CST, , ,C,89, ,0,0, , ,8.5,30,0, ,0, , ,08/16/1985,1530,34.70,-86.70,34.80,-86.70,"","",325
9976544,ETOWAH CO., ,08/16/1985,1609,Tornado,0,F0,0,0,30,0,AL,CST, , ,C,55, ,0,0, , ,.5,20,0, ,0, , ,08/16/1985,1609,34.02,-86.08, , ,"","",326
9976554,BALDWIN CO., ,09/23/1985,630,Tornado,0,F0,0,0,25000,0,AL,CST, , ,C,3, ,0,0, , ,.2,60,0, ,0, , ,09/23/1985,630,30.62,-87.75, , ,"","",327
9976555,WASHINGTON CO., ,09/23/1985,640,Tornado,0,F1,0,0,250,0,AL,CST, , ,C,129, ,0,0, , ,7,73,0, ,0, , ,09/23/1985,640,31.43,-88.05,31.50,-87.98,"","",328
9976558,CONECUH CO., ,09/23/1985,930,Tornado,0,F2,0,4,250000,0,AL,CST, , ,C,35, ,0,0, , ,7,100,0, ,0, , ,09/23/1985,930,31.30,-87.10,31.42,-87.00,"","",329
9976559,CONECUH CO., ,09/23/1985,944,Tornado,0,F2,0,0,250000,0,AL,CST, , ,C,35, ,0,0, , ,15,100,0, ,0, , ,09/23/1985,944,31.42,-87.00,31.67,-87.00,"","",330
9977640,COVINGTON CO., ,10/28/1985,1100,Tornado,0,F1,0,0,25000,0,AL,CST, , ,C,39, ,0,0, , ,.1,30,0, ,0, , ,10/28/1985,1100,31.00,-86.33, , ,"","",331
9977641,ESCAMBIA CO., ,10/28/1985,1115,Tornado,0,F1,0,0,25000,0,AL,CST, , ,C,53, ,0,0, , ,.1,30,0, ,0, , ,10/28/1985,1115,31.00,-87.27, , ,"","",332
9977644,BALDWIN CO., ,10/29/1985,950,Tornado,0,F1,0,0,25000,0,AL,CST, , ,C,3, ,0,0, , ,.1,30,0, ,0, , ,10/29/1985,950,30.28,-87.57, , ,"","",333
9977647,BARBOUR CO., ,11/29/1985,1120,Tornado,0,F1,0,0,25000,0,AL,CST, , ,C,5, ,0,0, , ,.2,40,0, ,0, , ,11/29/1985,1120,31.88,-85.15, , ,"","",334
9978785,PICKENS CO., ,03/12/1986,1415,Tornado,0,F3,2,0,2500000,0,AL,CST, , ,C,107, ,0,0, , ,16,700,0, ,0, , ,03/12/1986,1415,33.18,-88.20,33.38,-88.20,"","",335
9978786,LAMAR CO., ,03/12/1986,1458,Tornado,0,F3,0,0,250000,0,AL,CST, , ,C,75, ,0,0, , ,6,500,0, ,0, , ,03/12/1986,1458,33.55,-88.05,33.63,-88.00,"","",336
9978789,MARION CO., ,03/12/1986,1525,Tornado,0,F3,0,0,250000,0,AL,CST, , ,C,93, ,0,0, , ,2.5,200,0, ,0, , ,03/12/1986,1525,33.93,-87.83, , ,"","",337
9978790,MARION CO., ,03/12/1986,1535,Tornado,0,F2,0,0,25000,0,AL,CST, , ,C,93, ,0,0, , ,7.5,200,0, ,0, , ,03/12/1986,1535,33.93,-87.82,34.12,-87.88,"","",338
9978795,CULLMAN CO., ,03/12/1986,2020,Tornado,0,F2,0,0,2500000,0,AL,CST, , ,C,43, ,0,0, , ,1,200,0, ,0, , ,03/12/1986,2020,34.30,-86.50,34.32,-86.50,"","",339
9978796,MARSHALL CO., ,03/12/1986,2022,Tornado,0,F2,0,5,2500000,0,AL,CST, , ,C,95, ,0,0, , ,6,200,0, ,0, , ,03/12/1986,2022,34.32,-86.50,34.38,-86.42,"","",340
9978815,MARION CO., ,03/18/1986,2300,Tornado,0,F1,0,0,25000,0,AL,CST, , ,C,93, ,0,0, , ,6.8,140,0, ,0, , ,03/18/1986,2300,33.97,-87.82,34.10,-87.77,"","",341
9978816,BLOUNT CO., ,03/19/1986,200,Tornado,0,F2,0,0,25000,0,AL,CST, , ,C,9, ,0,0, , ,.2,73,0, ,0, , ,03/19/1986,200,33.82,-86.60, , ,"","",342
9978828,WINSTON CO., ,05/24/1986,2125,Tornado,0,F1,0,0,250,0,AL,CST, , ,C,133, ,0,0, , ,2,30,0, ,0, , ,05/24/1986,2125,34.15,-87.13,34.17,-87.10,"","",343
9978829,CULLMAN CO., ,05/24/1986,2129,Tornado,0,F1,0,0,250,0,AL,CST, , ,C,43, ,0,0, , ,8,30,0, ,0, , ,05/24/1986,2129,34.17,-87.10,34.28,-87.12,"","",344
9978833,LAUDERDALE CO., ,06/11/1986,1720,Tornado,0,F1,0,0,2500,0,AL,CST, , ,C,77, ,0,0, , ,3.5,500,0, ,0, , ,06/11/1986,1720,34.87,-87.58,34.88,-87.52,"","",345
9975737,MADISON CO., ,07/28/1986,2000,Tornado,0,F0,0,0,250,0,AL,CST, , ,C,89, ,0,0, , ,4,150,0, ,0, , ,07/28/1986,2000,34.63,-86.50,34.60,-86.45,"","",346
9976649,COFFEE CO., ,11/25/1986,2120,Tornado,0,F3,0,3,2500000,0,AL,CST, , ,C,31, ,0,0, , ,14,200,0, ,0, , ,11/25/1986,2120,31.38,-85.93,31.55,-85.77,"","",347
9976650,DALE CO., ,11/25/1986,2148,Tornado,0,F3,0,1,2500000,0,AL,CST, , ,C,45, ,0,0, , ,8,200,0, ,0, , ,11/25/1986,2148,31.55,-85.77,31.63,-85.70,"","",348
9976651,BARBOUR CO., ,11/25/1986,2206,Tornado,0,F3,0,0,2500000,0,AL,CST, , ,C,5, ,0,0, , ,22,200,0, ,0, , ,11/25/1986,2206,31.63,-85.70,31.88,-85.45,"","",349
9976654,MONTGOMERY CO., ,11/26/1986,100,Tornado,0,F1,0,2,250000,0,AL,CST, , ,C,101, ,0,0, , ,4,100,0, ,0, , ,11/26/1986,100,32.27,-86.00,32.30,-85.93,"","",350
9976656,MACON CO., ,11/26/1986,108,Tornado,0,F1,0,0,250000,0,AL,CST, , ,C,87, ,0,0, , ,1,100,0, ,0, , ,11/26/1986,108,32.30,-85.93,32.30,-85.92,"","",351
9976657,PIKE CO., ,11/26/1986,120,Tornado,0,F2,0,1,250000,0,AL,CST, , ,C,109, ,0,0, , ,8,150,0, ,0, , ,11/26/1986,120,31.77,-85.97,31.82,-85.85,"","",352
9976659,COFFEE CO., ,11/26/1986,140,Tornado,0,F1,0,2,250000,0,AL,CST, , ,C,31, ,0,0, , ,8,150,0, ,0, , ,11/26/1986,140,31.30,-85.88,31.38,-85.77,"","",353
9976660,DALE CO., ,11/26/1986,156,Tornado,0,F1,0,0,250000,0,AL,CST, , ,C,45, ,0,0, , ,13,150,0, ,0, , ,11/26/1986,156,31.38,-85.77,31.45,-85.62,"","",354
9976701,WINSTON CO., ,05/21/1987,1145,Tornado,0,F2,1,0,25000,0,AL,CST, , ,C,133, ,0,0, , ,.3,150,0, ,0, , ,05/21/1987,1145,34.17,-87.38, , ,"","",355
9977779,CLEBURNE CO., ,06/03/1987,1620,Tornado,0,F1,0,0,25000,0,AL,CST, , ,C,29, ,0,0, , ,.3,50,0, ,0, , ,06/03/1987,1620,33.55,-85.47, , ,"","",356
9977791,FAYETTE CO., ,06/14/1987,1800,Tornado,0,F0,0,0,30,0,AL,CST, , ,C,57, ,0,0, , ,.3,50,0, ,0, , ,06/14/1987,1800,33.75,-87.83, , ,"","",357
9977792,FAYETTE CO., ,06/14/1987,1810,Tornado,0,F0,0,0,0,0,AL,CST, , ,C,57, ,0,0, , ,.3,50,0, ,0, , ,06/14/1987,1810,33.63,-87.62, , ,"","",358
9977793,FAYETTE CO., ,06/14/1987,1820,Tornado,0,F0,0,0,0,0,AL,CST, , ,C,57, ,0,0, , ,.2,50,0, ,0, , ,06/14/1987,1820,33.88,-87.93, , ,"","",359
9977803,MOBILE CO., ,06/26/1987,1412,Tornado,0,F0,0,0,0,0,AL,CST, , ,C,97, ,0,0, , ,0,30,0, ,0, , ,06/26/1987,1412,30.50,-88.22, , ,"","",360
9977845,MOBILE CO., ,08/12/1987,610,Tornado,0,F0,0,0,0,0,AL,CST, , ,C,97, ,0,0, , ,1.5,30,0, ,0, , ,08/12/1987,610,30.20,-88.08, , ,"","",361
9978972,CULLMAN CO., ,01/19/1988,1725,Tornado,0,F3,0,35,25000000,0,AL,CST, , ,C,43, ,0,0, , ,10,440,0, ,0, , ,01/19/1988,1725,34.12,-86.90,34.25,-86.77,"","",362
9978976,BIBB CO., ,01/19/1988,1815,Tornado,0,F1,0,0,250000,0,AL,CST, , ,C,7, ,0,0, , ,2,440,0, ,0, , ,01/19/1988,1815,33.02,-86.92,33.05,-86.92,"","",363
9978977,SHELBY CO., ,01/19/1988,1818,Tornado,0,F1,0,0,250000,0,AL,CST, , ,C,117, ,0,0, , ,4,440,0, ,0, , ,01/19/1988,1818,33.05,-86.92,33.10,-86.87,"","",364
9978985,CLAY CO., ,01/19/1988,2120,Tornado,0,F1,0,0,250000,0,AL,CST, , ,C,27, ,0,0, , ,5,100,0, ,0, , ,01/19/1988,2120,33.18,-85.80,33.25,-85.73,"","",365
9978987,MARENGO CO., ,02/02/1988,1800,Tornado,0,F1,0,0,25000,0,AL,CST, , ,C,91, ,0,0, , ,2,50,0, ,0, , ,02/02/1988,1800,32.05,-87.80, , ,"","",366
9975851,HOUSTON CO., ,04/18/1988,1745,Tornado,0,F0,0,0,0,0,AL,CST, , ,C,69, ,0,0, , ,1,50,0, ,0, , ,04/18/1988,1745,31.03,-85.38, , ,"","",367
9975901,JACKSON CO., ,05/09/1988,1825,Tornado,0,F2,0,0,25000,0,AL,CST, , ,C,71, ,0,0, , ,14,50,0, ,0, , ,05/09/1988,1825,34.83,-85.90,34.77,-85.55,"","",368
9975902,DEKALB CO., ,05/09/1988,1833,Tornado,0,F2,0,0,25000,0,AL,CST, , ,C,49, ,0,0, , ,1,50,0, ,0, , ,05/09/1988,1833,34.77,-85.55,34.75,-85.53,"","",369
9978146,PICKENS CO., ,05/16/1988,1925,Tornado,0,F1,0,0,25000,0,AL,CST, , ,C,107, ,0,0, , ,.5,50,0, ,0, , ,05/16/1988,1925,33.23,-88.27, , ,"","",370
9978176,MARENGO CO., ,05/24/1988,1700,Tornado,0,F1,0,0,0,0,AL,CST, , ,C,91, ,0,0, , ,.5,50,0, ,0, , ,05/24/1988,1700,32.28,-87.83, , ,"","",371
9977187,DALE CO., ,09/16/1988,1205,Tornado,0,F1,0,0,0,0,AL,CST, , ,C,45, ,0,0, , ,4,50,0, ,0, , ,09/16/1988,1205,31.33,-85.72,31.40,-85.72,"","",372
9977188,TALLAPOOSA CO., ,09/16/1988,1230,Tornado,0,F0,0,0,0,0,AL,CST, , ,C,123, ,0,0, , ,.5,10,0, ,0, , ,09/16/1988,1230,32.83,-85.75, , ,"","",373
9977190,TALLAPOOSA CO., ,09/16/1988,1510,Tornado,0,F0,0,0,0,0,AL,CST, , ,C,123, ,0,0, , ,.3,23,0, ,0, , ,09/16/1988,1510,32.75,-85.65, , ,"","",374
9977203,FRANKLIN CO., ,11/04/1988,1620,Tornado,0,F3,0,0,0,0,AL,CST, , ,C,59, ,0,0, , ,2,200,0, ,0, , ,11/04/1988,1620,34.57,-88.08,34.58,-88.08,"","",375
9979280,COLBERT CO., ,11/04/1988,1624,Tornado,0,F3,0,16,2500000,0,AL,CST, , ,C,33, ,0,0, , ,45,200,0, ,0, , ,11/04/1988,1624,34.58,-88.08,34.73,-87.40,"","",376
9979281,LAUDERDALE CO., ,11/04/1988,1630,Tornado,0,F0,0,0,0,0,AL,CST, , ,C,77, ,0,0, , ,.3,200,0, ,0, , ,11/04/1988,1630,34.93,-87.83, , ,"","",377
9979287,LAWRENCE CO., ,11/04/1988,1705,Tornado,0,F3,0,0,250000,0,AL,CST, , ,C,79, ,0,0, , ,13,200,0, ,0, , ,11/04/1988,1705,34.73,-87.40,34.73,-87.23,"","",378
9979302,WASHINGTON CO., ,11/04/1988,1905,Tornado,0,F2,0,0,0,0,AL,CST, , ,C,129, ,0,0, , ,12,200,0, ,0, , ,11/04/1988,1905,31.63,-88.32,31.53,-88.05,"","",379
9979308,TUSCALOOSA CO., ,11/20/1988,53,Tornado,0,F3,0,8,2500000,0,AL,CST, , ,C,125, ,0,0, , ,.5,400,0, ,0, , ,11/20/1988,53,33.20,-87.57, , ,"","",380
9979313,WALKER CO., ,11/26/1988,1755,Tornado,0,F0,0,0,0,0,AL,CST, , ,C,127, ,0,0, , ,.3,13,0, ,0, , ,11/26/1988,1755,33.98,-87.28, , ,"","",381
9979314,LAMAR CO., ,02/20/1989,2130,Tornado,0,F2,0,0,2500000,0,AL,CST, , ,C,75, ,0,0, , ,9,440,0, ,0, , ,02/20/1989,2130,33.95,-88.13,34.05,-88.05,"","",382
9979315,MARION CO., ,02/20/1989,2200,Tornado,0,F2,0,0,250000,0,AL,CST, , ,C,93, ,0,0, , ,10,440,0, ,0, , ,02/20/1989,2200,34.03,-87.98,34.13,-87.82,"","",383
9979317,WINSTON CO., ,02/20/1989,2300,Tornado,0,F2,0,0,2500000,0,AL,CST, , ,C,133, ,0,0, , ,5,200,0, ,0, , ,02/20/1989,2300,34.25,-87.60,34.30,-87.53,"","",384
9979331,JEFFERSON CO., ,03/05/1989,1300,Tornado,0,F0,0,0,2500,0,AL,CST, , ,C,73, ,0,0, , ,.3,20,0, ,0, , ,03/05/1989,1300,33.68,-86.87, , ,"","",385
9979347,TALLADEGA CO., ,03/05/1989,1735,Tornado,0,F2,0,2,2500000,0,AL,CST, , ,C,121, ,0,0, , ,20,100,0, ,0, , ,03/05/1989,1735,33.27,-86.37,33.43,-86.10,"","",386
9978061,PIKE CO., ,03/05/1989,1930,Tornado,0,F1,0,0,2500000,0,AL,CST, , ,C,109, ,0,0, , ,5,200,0, ,0, , ,03/05/1989,1930,31.63,-85.82,31.65,-85.75,"","",387
9978277,CHAMBERS CO., ,03/05/1989,1940,Tornado,0,F2,0,0,2500000,0,AL,CST, , ,C,17, ,0,0, , ,15,100,0, ,0, , ,03/05/1989,1940,32.90,-85.52,33.10,-85.28,"","",388
9978278,RANDOLPH CO., ,03/05/1989,1955,Tornado,0,F2,0,0,2500000,0,AL,CST, , ,C,111, ,0,0, , ,.5,100,0, ,0, , ,03/05/1989,1955,33.10,-85.28,33.17,-85.23,"","",389
9977037,MOBILE CO., ,04/04/1989,2029,Tornado,0,F0,0,0,25000,0,AL,CST, , ,C,97, ,0,0, , ,.3,23,0, ,0, , ,04/04/1989,2029,30.70,-88.08, , ,"","",390
9977051,BALDWIN CO., ,05/19/1989,1340,Tornado,0,F0,0,0,0,0,AL,CST, , ,C,3, ,0,0, , ,.3,20,0, ,0, , ,05/19/1989,1340,30.40,-87.82, , ,"","",391
9976013,BALDWIN CO., ,06/08/1989,851,Tornado,0,F1,0,10,2500000,0,AL,CST, , ,C,3, ,0,0, , ,2,20,0, ,0, , ,06/08/1989,851,30.28,-87.57, , ,"","",392
9976014,BALDWIN CO., ,06/08/1989,855,Tornado,0,F0,0,0,0,0,AL,CST, , ,C,3, ,0,0, , ,.3,10,0, ,0, , ,06/08/1989,855,30.42,-87.48, , ,"","",393
9976019,MOBILE CO., ,06/08/1989,1859,Tornado,0,F0,0,0,0,0,AL,CST, , ,C,97, ,0,0, , ,.3,10,0, ,0, , ,06/08/1989,1859,30.25,-88.13, , ,"","",394
9983650,MOBILE CO., ,07/02/1989,1123,Tornado,0,F2,0,0,250000,0,AL,CST, , ,C,97, ,0,0, , ,1,73,0, ,0, , ,07/02/1989,1123,30.50,-88.10, , ,"","",395
9983662,PIKE CO., ,07/16/1989,1645,Tornado,0,F1,0,0,250000,0,AL,CST, , ,C,109, ,0,0, , ,1,50,0, ,0, , ,07/16/1989,1645,31.72,-85.82, , ,"","",396
9983695,GENEVA CO., ,10/01/1989,530,Tornado,0,F1,0,0,0,0,AL,CST, , ,C,61, ,0,0, , ,3,33,0, ,0, , ,10/01/1989,530,31.00,-85.52,30.95,-85.48,"","",397
9983696,HOUSTON CO., ,10/01/1989,635,Tornado,0,F1,0,0,0,0,AL,CST, , ,C,69, ,0,0, , ,5,43,0, ,0, , ,10/01/1989,635,31.07,-85.27,31.13,-85.20,"","",398
9983699,BALDWIN CO., ,11/07/1989,100,Tornado,0,F0,0,0,2500,0,AL,CST, , ,C,3, ,0,0, , ,.3,10,0, ,0, , ,11/07/1989,100,30.65,-87.52, , ,"","",399
9983700,HOUSTON CO., ,11/08/1989,450,Tornado,0,F1,0,0,2500000,0,AL,CST, , ,C,69, ,0,0, , ,1,40,0, ,0, , ,11/08/1989,450,31.23,-85.37, , ,"","",400
9983707,HOUSTON CO., ,11/08/1989,950,Tornado,0,F0,0,0,25000,0,AL,CST, , ,C,69, ,0,0, , ,.3,10,0, ,0, , ,11/08/1989,950,31.23,-85.37, , ,"","",401
9980216,CLAY CO., ,11/15/1989,1420,Tornado,0,F1,0,3,25000,0,AL,CST, , ,C,27, ,0,0, , ,.5,20,0, ,0, , ,11/15/1989,1420,33.18,-85.75, , ,"","",402
9980232,MADISON CO., ,11/15/1989,1630,Tornado,0,F4,21,463,250000000,0,AL,CST, , ,C,89, ,0,0, , ,12.5,880,0, ,0, , ,11/15/1989,1630,34.65,-86.65,34.73,-86.43,"","",403
9980239,MADISON CO., ,11/15/1989,1642,Tornado,0,F4,0,0,250000000,0,AL,CST, , ,C,89, ,0,0, , ,6,880,0, ,0, , ,11/15/1989,1642,34.73,-86.43,34.78,-86.37,"","",404
9980240,RANDOLPH CO., ,11/15/1989,1643,Tornado,0,F0,0,0,25000,0,AL,CST, , ,C,111, ,0,0, , ,.3,20,0, ,0, , ,11/15/1989,1643,33.15,-85.32, , ,"","",405
9980253,JACKSON CO., ,11/15/1989,1755,Tornado,0,F1,0,0,250000,0,AL,CST, , ,C,71, ,0,0, , ,1,20,0, ,0, , ,11/15/1989,1755,34.87,-85.85, , ,"","",406
9980264,CRENSHAW CO., ,01/25/1990,550,Tornado,0,F1,0,28,2500000,0,AL,CST, , ,C,41, ,0,0, , ,8,73,0, ,0, , ,01/25/1990,550,31.78,-86.35,31.88,-86.20,"","",407
9980268,PICKENS CO., ,02/03/1990,1835,Tornado,0,F0,0,0,25000,0,AL,CST, , ,C,107, ,0,0, , ,.5,20,0, ,0, , ,02/03/1990,1835,33.25,-87.87, , ,"","",408
9980269,TUSCALOOSA CO., ,02/03/1990,1845,Tornado,0,F0,0,0,25000,0,AL,CST, , ,C,125, ,0,0, , ,.3,20,0, ,0, , ,02/03/1990,1845,33.25,-87.80, , ,"","",409
9980270,TUSCALOOSA CO., ,02/03/1990,1850,Tornado,0,F1,0,3,2500000,0,AL,CST, , ,C,125, ,0,0, , ,6,40,0, ,0, , ,02/03/1990,1850,33.30,-87.62,33.32,-87.50,"","",410
9980271,JEFFERSON CO., ,02/03/1990,1935,Tornado,0,F1,0,2,2500000,0,AL,CST, , ,C,73, ,0,0, , ,7,50,0, ,0, , ,02/03/1990,1935,33.52,-87.05,33.58,-86.90,"","",411
9980272,JEFFERSON CO., ,02/03/1990,1948,Tornado,0,F1,0,15,2500000,0,AL,CST, , ,C,73, ,0,0, , ,3,50,0, ,0, , ,02/03/1990,1948,33.62,-86.82,33.62,-86.77,"","",412
9980273,JEFFERSON CO., ,02/03/1990,2000,Tornado,0,F1,0,0,2500000,0,AL,CST, , ,C,73, ,0,0, , ,2,50,0, ,0, , ,02/03/1990,2000,33.62,-86.62, , ,"","",413
9980276,ST. CLAIR CO., ,02/03/1990,2105,Tornado,0,F1,0,11,2500000,0,AL,CST, , ,C,115, ,0,0, , ,2,50,0, ,0, , ,02/03/1990,2105,33.68,-86.45, , ,"","",414
9981453,SHELBY CO., ,02/10/1990,242,Tornado,0,F1,0,0,0,0,AL,CST, , ,C,117, ,0,0, , ,1,30,0, ,0, , ,02/10/1990,242,33.30,-86.85, , ,"","",415
9981468,CLAY CO., ,02/10/1990,355,Tornado,0,F1,0,5,250000,0,AL,CST, , ,C,27, ,0,0, , ,.5,20,0, ,0, , ,02/10/1990,355,33.35,-85.95, , ,"","",416
9981488,SUMTER CO., ,02/15/1990,1420,Tornado,0,F0,0,0,0,0,AL,CST, , ,C,119, ,0,0, , ,.3,33,0, ,0, , ,02/15/1990,1420,32.60,-88.18, , ,"","",417
9980804,COVINGTON CO., ,02/22/1990,551,Tornado,0,F1,0,10,2500000,0,AL,CST, , ,C,39, ,0,0, , ,1.5,50,0, ,0, , ,02/22/1990,551,31.28,-86.25, , ,"","",418
9980818,BALDWIN CO., ,03/15/1990,1545,Tornado,0,F0,0,0,0,0,AL,CST, , ,C,3, ,0,0, , ,.3,10,0, ,0, , ,03/15/1990,1545,30.38,-87.85, , ,"","",419
9980819,BALDWIN CO., ,03/15/1990,1612,Tornado,0,F0,0,0,0,0,AL,CST, , ,C,3, ,0,0, , ,.3,10,0, ,0, , ,03/15/1990,1612,30.48,-87.70, , ,"","",420
9980820,BALDWIN CO., ,03/15/1990,1628,Tornado,0,F0,0,0,0,0,AL,CST, , ,C,3, ,0,0, , ,.3,10,0, ,0, , ,03/15/1990,1628,30.55,-87.58, , ,"","",421
9981996,BALDWIN CO., ,05/17/1990,1610,Tornado,0,F0,0,0,0,0,AL,CST, , ,C,3, ,0,0, , ,.5,10,0, ,0, , ,05/17/1990,1610,30.37,-87.82, , ,"","",422
9981997,MOBILE CO., ,05/19/1990,1335,Tornado,0,F0,0,0,0,0,AL,CST, , ,C,97, ,0,0, , ,.5,10,0, ,0, , ,05/19/1990,1335,30.38,-88.22, , ,"","",423
9980373,MARION CO., ,10/04/1990,540,Tornado,0,F0,0,0,0,0,AL,CST, , ,C,93, ,0,0, , ,.3,10,0, ,0, , ,10/04/1990,540,34.23,-87.73, , ,"","",424
9980379,MOBILE CO., ,12/03/1990,802,Tornado,0,F0,0,0,0,0,AL,CST, , ,C,97, ,0,0, , ,.5,13,0, ,0, , ,12/03/1990,802,31.07,-88.03, , ,"","",425
9980418,CLARKE CO., ,03/01/1991,1220,Tornado,0,F0,0,0,0,0,AL,CST, , ,C,25, ,0,0, , ,.3,10,0, ,0, , ,03/01/1991,1220,31.95,-87.73, , ,"","",426
9981286,BALDWIN CO., ,03/01/1991,1320,Tornado,0,F0,0,0,0,0,AL,CST, , ,C,3, ,0,0, , ,.3,10,0, ,0, , ,03/01/1991,1320,30.28,-87.57, , ,"","",427
9981531,TALLADEGA CO., ,03/29/1991,530,Tornado,0,F1,5,13,250000,0,AL,CST, , ,C,121, ,0,0, , ,1,73,0, ,0, , ,03/29/1991,530,33.53,-85.95, , ,"","",428
9981533,RUSSELL CO., ,03/29/1991,640,Tornado,0,F2,0,16,2500000,0,AL,CST, , ,C,113, ,0,0, , ,2,300,0, ,0, , ,03/29/1991,640,32.47,-85.07, , ,"","",429
9981545,MONROE CO., ,03/29/1991,1000,Tornado,0,F1,0,0,0,0,AL,CST, , ,C,99, ,0,0, , ,1,30,0, ,0, , ,03/29/1991,1000,31.30,-87.47, , ,"","",430
9982659,PICKENS CO., ,04/12/1991,1900,Tornado,0,F0,0,0,250000,0,AL,CST, , ,C,107, ,0,0, , ,.3,10,0, ,0, , ,04/12/1991,1900,33.43,-87.90, , ,"","",431
9982662,LAWRENCE CO., ,04/14/1991,1905,Tornado,0,F1,0,4,0,0,AL,CST, , ,C,79, ,0,0, , ,1,70,0, ,0, , ,04/14/1991,1905,34.48,-87.38, , ,"","",432
9982710,JEFFERSON CO., ,04/29/1991,700,Tornado,0,F0,0,0,0,0,AL,CST, , ,C,73, ,0,0, , ,.3,33,0, ,0, , ,04/29/1991,700,33.52,-86.82, , ,"","",433
9983784,BALDWIN CO., ,04/29/1991,1402,Tornado,0,F0,0,0,0,0,AL,CST, , ,C,3, ,0,0, , ,.3,13,0, ,0, , ,04/29/1991,1402,30.55,-87.72, , ,"","",434
9983785,BALDWIN CO., ,04/29/1991,1406,Tornado,0,F0,0,0,250000,0,AL,CST, , ,C,3, ,0,0, , ,.3,20,0, ,0, , ,04/29/1991,1406,30.55,-87.68, , ,"","",435
9980460,COLBERT CO., ,03/09/1992,2200,Tornado,0,F1,0,1,2500000,0,AL,CST, , ,C,33, ,0,0, , ,2.5,40,0, ,0, , ,03/09/1992,2200,34.75,-87.67, , ,"","",436
9980482,GREENE CO., ,03/10/1992,205,Tornado,0,F3,0,0,250000,0,AL,CST, , ,C,63, ,0,0, , ,4,440,0, ,0, , ,03/10/1992,205,32.58,-87.82,32.65,-87.78,"","",437
9980483,HALE CO., ,03/10/1992,208,Tornado,0,F3,2,7,250000,0,AL,CST, , ,C,65, ,0,0, , ,14,440,0, ,0, , ,03/10/1992,208,32.65,-87.78,32.70,-87.48,"","",438
9981593,CLARKE CO., ,04/20/1992,1228,Tornado,0,F1,0,0,25000,0,AL,CST, , ,C,25, ,0,0, , ,1,50,0, ,0, , ,04/20/1992,1228,31.33,-87.85, , ,"","",439
9982730,DALLAS CO., ,07/01/1992,1815,Tornado,0,F0,0,0,0,0,AL,CST, , ,C,47, ,0,0, , ,.3,100,0, ,0, , ,07/01/1992,1815,32.33,-87.13, , ,"","",440
9983882,MONTGOMERY CO., ,08/27/1992,1240,Tornado,0,F1,0,0,25000,0,AL,CST, , ,C,101, ,0,0, , ,.2,50,0, ,0, , ,08/27/1992,1240,32.22,-86.22, , ,"","",441
9983885,LOWNDES CO., ,08/27/1992,1245,Tornado,0,F1,0,2,250000,0,AL,CST, , ,C,85, ,0,0, , ,.2,50,0, ,0, , ,08/27/1992,1245,32.18,-86.50, , ,"","",442
9983888,MONTGOMERY CO., ,08/27/1992,1302,Tornado,0,F1,0,1,250000,0,AL,CST, , ,C,101, ,0,0, , ,4,50,0, ,0, , ,08/27/1992,1302,32.42,-86.25,32.50,-86.23,"","",443
9983890,ELMORE CO., ,08/27/1992,1313,Tornado,0,F1,0,0,250000,0,AL,CST, , ,C,51, ,0,0, , ,1,50,0, ,0, , ,08/27/1992,1313,32.50,-86.23,32.52,-86.22,"","",444
9983915,HENRY CO., ,11/04/1992,312,Tornado,0,F1,0,0,2500000,0,AL,CST, , ,C,67, ,0,0, , ,5,50,0, ,0, , ,11/04/1992,312,31.53,-85.28,31.57,-85.23,"","",445
9982787,GENEVA CO., ,11/12/1992,1410,Tornado,0,F0,0,0,25000,0,AL,CST, , ,C,61, ,0,0, , ,.1,10,0, ,0, , ,11/12/1992,1410,31.17,-85.92, , ,"","",446
9982788,HOUSTON CO., ,11/12/1992,1445,Tornado,0,F0,0,0,25000,0,AL,CST, , ,C,69, ,0,0, , ,.5,23,0, ,0, , ,11/12/1992,1445,31.20,-85.47, , ,"","",447
9982790,SUMTER CO., ,11/22/1992,330,Tornado,0,F2,0,0,2500000,0,AL,CST, , ,C,119, ,0,0, , ,6,100,0, ,0, , ,11/22/1992,330,32.90,-88.30,32.95,-88.27,"","",448
9982791,PICKENS CO., ,11/22/1992,330,Tornado,0,F2,0,7,2500000,0,AL,CST, , ,C,107, ,0,0, , ,2,127,0, ,0, , ,11/22/1992,330,33.42,-88.22, , ,"","",449
9982795,WALKER CO., ,11/22/1992,518,Tornado,0,F1,0,0,2500000,0,AL,CST, , ,C,127, ,0,0, , ,10,43,0, ,0, , ,11/22/1992,518,33.72,-87.40,33.83,-87.28,"","",450
9982798,MORGAN CO., ,11/22/1992,620,Tornado,0,F0,0,0,250000,0,AL,CST, , ,C,103, ,0,0, , ,6,17,0, ,0, , ,11/22/1992,620,34.30,-86.80,34.37,-86.70,"","",451
9982800,MADISON CO., ,11/22/1992,655,Tornado,0,F2,0,5,2500000,0,AL,CST, , ,C,89, ,0,0, , ,6,100,0, ,0, , ,11/22/1992,655,34.53,-86.40,34.60,-86.32,"","",452
9982803,DEKALB CO., ,11/22/1992,800,Tornado,0,F1,0,8,0,0,AL,CST, , ,C,49, ,0,0, , ,6,50,0, ,0, , ,11/22/1992,800,34.45,-85.85,34.57,-85.80,"","",453
9982805,DEKALB CO., ,11/22/1992,815,Tornado,0,F2,0,6,0,0,AL,CST, , ,C,49, ,0,0, , ,5,73,0, ,0, , ,11/22/1992,815,34.27,-86.03,34.30,-85.93,"","",454
9982806,ETOWAH CO., ,11/22/1992,815,Tornado,0,F2,0,6,0,0,AL,CST, , ,C,55, ,0,0, , ,5,73,0, ,0, , ,11/22/1992,815,34.18,-86.10,34.20,-86.07,"","",455
9982807,DEKALB CO., ,11/22/1992,820,Tornado,0,F0,0,1,0,0,AL,CST, , ,C,49, ,0,0, , ,3,23,0, ,0, , ,11/22/1992,820,34.37,-85.92,34.40,-85.87,"","",456
9982808,DEKALB CO., ,11/22/1992,820,Tornado,0,F2,0,6,0,0,AL,CST, , ,C,49, ,0,0, , ,7,73,0, ,0, , ,11/22/1992,820,34.20,-86.07,34.28,-85.90,"","",457
9982810,DEKALB CO., ,11/22/1992,840,Tornado,0,F2,0,4,0,0,AL,CST, , ,C,49, ,0,0, , ,7,73,0, ,0, , ,11/22/1992,840,34.67,-85.68,34.75,-85.58,"","",458
9982812,TALLAPOOSA CO., ,11/22/1992,850,Tornado,0,F1,0,5,2500000,0,AL,CST, , ,C,123, ,0,0, , ,15,50,0, ,0, , ,11/22/1992,850,33.03,-85.73,33.10,-85.58,"","",459
9982813,RANDOLPH CO., ,11/22/1992,905,Tornado,0,F1,0,5,2500000,0,AL,CST, , ,C,111, ,0,0, , ,2,50,0, ,0, , ,11/22/1992,905,33.10,-85.58,33.12,-85.55,"","",460
9982816,CLEBURNE CO., ,11/22/1992,930,Tornado,0,F1,0,0,250000,0,AL,CST, , ,C,29, ,0,0, , ,10,50,0, ,0, , ,11/22/1992,930,33.57,-85.63,33.72,-85.53,"","",461
9982819,GENEVA CO., ,11/22/1992,1410,Tornado,0,F0,0,0,25000,0,AL,CST, , ,C,61, ,0,0, , ,2.2,20,0, ,0, , ,11/22/1992,1410,31.17,-85.92, , ,"","",462
9982820,BALDWIN CO., ,11/24/1992,500,Tornado,0,F1,0,1,25000,0,AL,CST, , ,C,3, ,0,0, , ,2.5,50,0, ,0, , ,11/24/1992,500,30.32,-87.73, , ,"","",463
10314703,CHEROKEE CO., ,02/21/1993,1800,Tornado,0,F3,0,5,500000,0,AL,CST, , ,C,19, ,0,0, , ,19,100,0, ,0, , ,02/21/1993,1800, , , , ,"A tornado moved west to east through a 19-mile-path in southern Cherokee County.  The tornado first touched down in the Gnatville Community around 1800 CST, about 3 miles southeast of Pine Grove, then moved east.  The tornado crossed a road then moved through the Spring Garden Community, then through the Tecumseh area to the Alabama line.  Five injuries occurred in mobile homes.  Thirteen mobile homes and two houses were completely destroyed.  One mobile home and four houses had major damage.  One mobile home and ten homes received minor damage.  Damage was estimated at approximately $400,000. ","",464
10314664,FRANKLIN CO., ,05/03/1993,1337,Tornado,0,F0,0,0,0,0,AL,CST, , ,C,59, ,0,0, , ,.5,10,0, ,0, , ,05/03/1993,1337,34.52,-87.73, , ,"At 1326CST a wall cloud was sighted in the Russellville vicinity.  At 1337CST a tornado touched down in the same area and moved northeast about one half mile.  One inch-size hail fell at about the same time. ","",465
10314257,LAUDERDALE CO., ,05/03/1993,1420,Tornado,0,F0,0,0,0,0,AL,CST, , ,C,77, ,0,0, , ,.2,10,0, ,0, , ,05/03/1993,1420,34.87,-87.53, , ,"At 1420CST a tornado moved northeast a short distance through Killen.  Power lines were snapped and trees were blown down.  At 1647CST trees and power lines were blown down two miles east of Florence.  At 1742CST trees and power lines were blown down in Florence.  ","",466
10313797,WALKER CO., ,05/03/1993,1635,Tornado,0,F0,0,0,0,0,AL,CST, , ,C,127, ,0,0, , ,.5,10,0, ,0, , ,05/03/1993,1635,33.73,-87.28, , ,"At 1635CST a tornado moved northeast through the town of Parrish destroying three houses, and causing major damage to nineteen more homes.  Two mobile homes were destroyed.  There were numerous trees blown down.   Also at about the same time in the Townley vicinity numerous trees were uprooted by a tornado that also moved northeast a short distance.  There were no injuries. ","",467
10313798,WALKER CO., ,05/03/1993,1635,Tornado,0,F1,0,0,0,0,AL,CST, , ,C,127, ,0,0, , ,1,20,0, ,0, , ,05/03/1993,1635,33.73,-87.28, , ,"At 1635CST a tornado moved northeast through the town of Parrish destroying three houses, and causing major damage to nineteen more homes.  Two mobile homes were destroyed.  There were numerous trees blown down.   Also at about the same time in the Townley vicinity numerous trees were uprooted by a tornado that also moved northeast a short distance.  There were no injuries. ","",468
10314275,MADISON CO., ,05/03/1993,1735,Tornado,0,F0,0,0,0,0,AL,CST, , ,C,89, ,0,0, , ,.3,20,0, ,0, , ,05/03/1993,1735,34.63,-86.77, , ,"At 1735CST a tornado moved north a short distance near the Huntsville airport.  No damage was reported.  At 1741CST dime-size hail fell along the western edge of Huntsville.  At 1905CST dime-size hail fell and trees and power lines were blown down in the western part of the county.  At 2115CST heavy rain caused several streets to be flooded in the same area. ","",469
10314655,CULLMAN CO., ,05/03/1993,1830,Tornado,0,F1,0,0,0,0,AL,CST, , ,C,43, ,0,0, , ,1,20,0, ,0, , ,05/03/1993,1830,34.05,-87.00, , ,"A tornado touched down about twelve miles southwest of Cullman and moved north about one mile.  Several homes were completely destroyed and several others were heavily damaged.  Golf ball-size hail fell in the same area. ","",470
10314042,TUSCALOOSA CO., ,05/03/1993,1835,Tornado,0,F2,0,3,0,0,AL,CST, , ,C,125, ,0,0, , ,6,50,0, ,0, , ,05/03/1993,1835,33.28,-87.28,33.33,-87.32,"A tornado touched down in the Brookwood community and moved north to the town of Kellerman.  In Brookwood, twenty-five houses, and ten to twelve mobile homes were damaged.  Several homes were destroyed.  The most serious injury was to a woman who tried to run from her airborne mobile home.  Two other people received minor injuries.  ","",471
10314078,MARSHALL CO., ,02/23/1994,340,Tornado,0,F0,0,0,500000,0,AL,CST, , ,C,95, ,0,0, , ,.3,20,0, ,0, , ,02/23/1994,340, , , , ,"A tornado moved a short distance through Boaz, destroying a barn and a garage.  Also, the roof was blown off a storage building.  The winds drove several two-by-four posts into the side of a building.  Damage was estimated at approximately $100 thousand.  ","",472
10314478,COFFEE CO.,Frisco,03/09/1994,1755,Tornado,0,F2,0,0,500000,50000,AL,CST, , ,C,31, ,0,0, , ,3,100,2,E,0, , ,03/09/1994,1755,31.60,-85.83,31.60,-85.77,"A tornado touched down about two miles east of Frisco in the New Hope Community causing extensive damage.  Five homes and two mobile homes were damaged;  one chicken house was destroyed and five others were damaged.  Two houses had the roofs blown completely off. ","",473
10314669,CHAMBERS CO.,Lafayette,03/24/1994,1804,Tornado,0,F1,0,0,500000,50000,AL,CST, , ,C,17, ,0,0, , ,12,100,17,SW,5,SSE,Lafayette,03/24/1994,1820, , , , ,"A barn was demolished, a roof blown off a porch, damage to two houses, and numerous trees blown down in Chambers County.  The damage occurred in an area running west to east south of Highway 50 from about three miles east of the Highway 50/county line to the Chambers County Public Lake. ","",474
10313929,ST. CLAIR, CALHOUN AND CHEROKEE CO.,Ragland to 5 NE Rock,03/27/1994,1055,Tornado,0,F4,22,150,500000,50000000,AL,CST, , ,C,115, ,0,0, , ,50,880,1,SSW,0, , ,03/27/1994,1152,33.72,-86.15,34.02,-85.42,"A tornado began about one mile south-southwest of Ragland in St. Clair County at 1055 CST and traveled northeast at between 45 and 55 miles an hour crossing the Alabama/Georgia border about five miles northeast of Rock Run in Cherokee County.  The tornado moved across County Highway 144 just south-southwest of Ragland where it first began then destroyed a number of structures along 144 to the east of Ragland.  The tornado crossed primarily wooded land before moving through a camping area on the west side of Neely Henry Lake.  A woman was killed outside on the west side of the lake as she tried to secure a boat.  The tornado crossed Neely Henry Lake just north of the dam as it moved into Calhoun County.  Twenty-six homes were damaged, 18 homes were destroyed, and 20 mobile homes were destroyed in St. Clair County.   Moving into Calhoun County at 1104 CST, the storm continued on a steady northeast track (60 degree heading) crossing the north side of Ohatchee.  The storm crossed U.S. Highway 431 at 1120 CST where one man was killed when the van he was in was thrown into a ditch.  Three other people in the van were injured.  The storm continued northeast across mostly woodlands with only scattered structures, mostly homes, in its path.  It crossed U.S. Highway 278 between four and five miles west-northwest of Piedmont. The storm entered Cherokee County at 1135 CST.  At 1139 CST the tornado destroyed the Goshen United Methodist Church located one mile north of the Cherokee/Calhoun County line on County Highway 9 killing 20 people and injuring 92.  The tornado continued northeast across Cherokee County reaching the Alabama/Georgia state line at approximately 1152 CST. Deaths: St. Clair County - (F540);  Calhoun County - (M49V); Cherokee County - (F02O) (M03O) (F04O) (M05O) (F10O) (M12O) (F24O) (M25O) (F34O) (M34O) (M37O) (M38O) (M39O) (M44O) (F50O) (M54O) (F54O) (M64O) (F72O) (M79O) ","",475
10314079,MARSHALL CO.,Guntersville,03/27/1994,1102,Tornado,0,F2,0,30,5000000,0,AL,CST, , ,C,95, ,0,0, , ,6,400,0, ,0, , ,03/27/1994,1108, , , , ,"A tornado travelled southwest to northeast across an area just south of the city of Guntersville.  The tornado apparently began along Highway 79 South then cross Big Spring Creek damaging a number of residential structures along Spring Creek Drive.  The tornado appeared to weaken, but was still strong enough to rip off the top part of the roof to the Marshall Nursing Home and damaging several houses near the entrance to Happy Home.  It crossed U.S. Highway 431 near the high school taking out some trees on the side of the mountain and damaging a couple of homes.  A total of 103 houses were damaged, 45 of them along Spring Creek Drive and eight along Highway 79 South. ","",476
10314418,DEKALB CO.,Grove Oak to Rainsvil,03/27/1994,1132,Tornado,0,F4,0,20,5000000,0,AL,CST, , ,C,49, ,0,0, , ,23,700,3,E,0, , ,03/27/1994,1132,34.43,-85.98,34.47,-85.78,"A tornado struck near the Grove Oak area in the western sections of Dekalb County moving northeast through the towns of Rainsville, Sylvania, and Henager.  In the path of the tornado, Emergency Management personnel reported 16 homes and 13 mobile homes completely destroyed, 45 homes and two mobile homes with major damage, and 21 homes and nine mobile home with minor damage.  Two businesses and 12 poultry houses were destroyed. ","",477
10314511,BLOUNT CO.,Nectar,03/27/1994,1157,Tornado,0,F0,0,1,500000,0,AL,CST, , ,C,9, ,0,0, , ,2.5,150,3,SW,0, , ,03/27/1994,1157,33.93,-86.67, , ,"A tornado was reported in the Sugar Creek Community about three miles southwest of Nectar along Alabama 160.  The storm damaged six homes, downed power lines and trees, and destroyed three greenhouses and damaged a fourth. ","",478
10314047,TUSCALOOSA CO.,Tuscaloosa,03/27/1994,1602,Tornado,0,F1,0,0,5000,50000,AL,CST, , ,C,125, ,0,0, , ,2,100,15,NE,0, , ,03/27/1994,1602, , , , ,"A tornado struck in an unpopulated area of Tuscaloosa County about 15 miles northeast of the center of Tuscaloosa.  A 115 kilovolt power transmission line operated by Alabama Power Company was broken when two power structures were downed; a third was leaning. ","",479
10313818,SHELBY CO., ,03/27/1994,1731,Tornado,0,F2,0,53,5000000,0,AL,CST, , ,C,117, ,0,0, , ,12,300,0, ,0, , ,03/27/1994,1745,33.30,-86.85,33.38,-86.63,"A tornado began on the north side of Helena on the Bearden Farm moving northeastward crossing Alabama 261 near Pelham High School.  The school suffered some damage.  Continuing northeast, the tornado caused damage in a residential section before doing extensive damage to two mobile home parks on the west side of U.S. Highway 31 on the north side of Pelham.  The tornado did extensive to businesses in the stretch from the U.S. 31/Alabama 119 intersection to the Alabama 119/Interstate 65 intersection.  The tornado continued on its track going through primarily residential areas of Pelham and Indian Springs.  The tornado dissipated just before reaching the Meadow Brook area about two miles west of U.S. Highway 280.  Areas in the path of the tornado included sections of Chandalar, Green Park South mobile home park, South Gate Mobile Home Park, Indian Springs Village, Broken Bow, Broken Bow South, and Riverchase. ","",480
10313932,SUMTER CO.,Geiger to Gainesville,04/05/1994,2030,Tornado,0,F1,0,0,500000,0,AL,CST, , ,C,119, ,0,0, , ,8,100,3,S,0, , ,04/05/1994,2030,32.82,-88.30,32.82,-88.17,"A tornado touched down in the area just south of Geiger and moved on a generally eastward path parallelling State Highway 116 to the area just west of Gainesville.  Power lines were downed, one building was destroyed and another heavily damaged, trees were snapped and uprooted, and a mobile home was damaged. ","",481
10313893,ST. CLAIR CO.,Branchville,04/15/1994,1724,Tornado,0,F0,0,0,500000,0,AL,CST, , ,C,115, ,0,0, , ,.5,50,0, ,0, , ,04/15/1994,1724,33.65,-86.43, , ,"An off-duty police officer and two citizens saw a funnel cloud dip down and go back into the cloud at 1724 CST.  The damaging winds associated with the tornado produced damage at the Pecan Grove Trailer Park off Highway 411 in Branchville.  Twelve mobile homes and three houses were damaged and about 50 trees were uprooted or snapped off. ","",482
10314271,LAUDERDALE CO., ,06/26/1994,2009,Tornado,0,F3,0,3,500000,0,AL,CST, , ,C,77, ,0,0, , ,3,200,0, ,0, , ,06/26/1994,2009, , , , ,"  ","",483
10314621,LIMESTONE CO.,Tanner,06/26/1994,2100,Tornado,0,F3,0,0,500000,0,AL,CST, , ,C,83, ,0,0, , ,3,300,5,ESE,0, , ,06/26/1994,2112, , , , ,"  ","",484
10314623,LIMESTONE CO., ,06/26/1994,2127,Tornado,0,F1,0,0,500000,0,AL,CST, , ,C,83, ,0,0, , ,5,100,0, ,0, , ,06/26/1994,2127, , , , ,"  ","",485
10313873,MADISON CO., ,06/26/1994,2211,Tornado,0,F2,0,2,5000000,0,AL,CST, , ,C,89, ,0,0, , ,7,200,0, ,0, , ,06/26/1994,2211, , , , ,"The edge of the thunderstorm entered Alabama from Tennessee around 1924 CST moving on a southeasterly course that took it across the eastern sections of Lauderdale County, across central Limestone County, and across southern Madison County. Lauderdale County:  The tornado that began in Tennessee and moved across Iron City continued into Lauderdale County ending in the Lexington area.  The F-scale associated with this report reflecknots the damage that was caused in Tennessee.  Significant damage was done to more than 15 homes in the Mary's Chapel area just northwest of Lexington near the state line.  Two people were injured when their mobile home was overturned. Limestone County:  Another tornado (F3) touched down for a short path on the northwest side of Athens totally destroying one house.  No one was home at the time. A third tornado (F1) touched down about five miles east-southeast of Tanner and stayed on the ground for approximately five miles. In Elkmont, the top of a steel water tower weighing between two and three tons and measuring 30 feet by 10 feet was ripped off and blown 50 yards where it struck a car and the edge of a church. Madison County:  A fourth tornado was produced beginning on the north side of Madison continuing across the east side of Madison and extending into the northern portion of the Redstone Arsenal.  Homes and businesses were damaged or destroyed by the tornado as well as numerous trees downed.  Extensive damage in the Pebble Brook Subdivision and around Bob Jones High School. A man was injured when a tree fell on him on Old Madison Pike.  Over 300 trees were estimated to be blown down on the Redstone Golf Course. Wind gusted to 58 knoknots (67 mph) reported at the Hunknotsville International Airport at the National Weather Service office. The thunderstorm produced straight-line wind damage along the entire path of the storm. ","",486
10314129,CHEROKEE CO., ,06/26/1994,2325,Tornado,0,F0,0,0,500000,0,AL,CST, , ,C,19, ,0,0, , ,4,200,0, ,0, , ,06/26/1994,2325, , , , ,"Nickel-size hail was reported by the Cherokee County Sheriff's office about 10 miles south-southeast of Centre.  A funnel cloud was reported near Coloma about seven miles south-southeast of Centre.  A weak tornado touched down in the Rock Run/Spring Garden area with damage to seven houses along with a number of trees uprooted. ","",487
10314293,LEE CO.,Opelika,08/02/1994,1725,Tornado,0,F0,0,0,50000,0,AL,CST, , ,C,81, ,0,0, , ,2.6,300,10,S,0, , ,08/02/1994,1725,32.48,-85.37, , ,"Thunderstorm wind and what appears to have been a small tornado caused structural damage and downed trees along Highway 51 in the Beauregard area about 8.5 miles south of Opelika.  Several houses sustained some damage along with numerous uprooted trees.  A car was damaged by flying tin from an out-building that was destroyed. ","",488
10314534,BLOUNT CO.,Cleveland,11/28/1994,30,Tornado,0,F1,0,5,500000,5000,AL,CST, , ,C,9, ,0,0, , ,1.6,100,1,E,0, , ,11/28/1994,30,33.98,-86.57, , ,"A tornado produced a damage path 1.6 miles in length and about 100 yards wide on a northeasterly track.  The first damage occurred about 1 miles east of Cleveland in central Blount County.  After damaging or destroying several mobile homes and a couple of permanent structures, the tornado crossed U. S. Highway 231 and continued northeast damaging several more structures and another mobile home.  All five injuries occurred in mobile homes, three in one and two in another.  Injuries to one man required 100 stitches. ","",489
10314122,BALDWIN CO.,Bay Minette,12/03/1994,2130,Tornado,0,F0,0,0,50000,0,AL,CST, , ,C,3, ,0,0, , ,2,75,0, ,0, , ,12/03/1994,2130,30.88,-87.78, , ,"A weak tornado touched down on the south side of Bay Minette damaging the roof on one house, the roof on a lumber company, and destroying a mobile home.  A number of trees and power lines were also downed.  According to information from Emergency Management officials, the small tornado touched down near Faulkner State Community College where power lines were downed.  It moved across the southern part of Bay Minette with a narrow path. ","",490
10314027,MARION CO.,Hamilton,02/16/1995,332,Tornado,0,F1,0,0,500000,0,AL,CST, , ,C,93, ,0,0, , ,6,80,6,E,0, , ,02/16/1995,340,34.13,-87.87,34.22,-87.77,"A small tornado touched down about six miles east of Hamilton along U.S. Highway 278.  The tornado travelled on a track just slightly north of east for about six miles running along and crossing U.S. Highway 278 twice.  According to Emergency Management officials, five homes were damaged, three severely, and six chicken houses were destroyed. ","",491
10314175,CULLMAN AND MARSHALL CO.,Joppa,02/16/1995,459,Tornado,0,F3,6,130,5000000,5000,AL,CST, , ,C,43, ,0,0, , ,14,10,3,W,5,SW,Guntersville,02/16/1995,515,34.25,-86.58,34.27,-86.32,"A tornado began in the extreme northeast part of Cullman County about three miles west of Joppa in a rural area.  The tornado travelled east-northeast through Joppa and across Alabama Highway 69 crossing into Marshall County just southwest of Arab at 5:06 am CST.  Continuing on an east-northeast track, the tornado crossed the southern side of Arab crossing U.S. Highway 231 at 5:08 am.  The tornado moved into increasing rugged terrain as it moved east of Arab, dissipating at the Browns Creek section of Guntersville Lake just north of the Diamond community. 
Six people were killed in the tornado, five in Marshall County and one in Cullman County.  One death occurred in a house and the rest in mobile homes.  There were 130 injuries though it is impossible to specify how many occurred in each county.  The Joppa area of Cullman County and the Arab area of Marshall County were the most heavily populated areas affected by the tornado with some of the worst damage occurring in these areas.  Officials reported that 77 dwellings and six businesses were destroyed in Cullman County while 80 dwellings and six businesses were destroyed in Marshall County.  In the city of Arab, there were 30 to 35 homes destroyed or heavily damaged along with 30 to 35 mobile homes. A pregnant woman severely injured in her mobile home in the tornado was sent into labor early, but the baby died at birth. F04H, M49M, M36M, F70M, F88M, M0M ","",492
10313768,MARSHALL CO.,Martling,02/16/1995,528,Tornado,0,F2,0,3,500000,500,AL,CST, , ,C,95, ,0,0, , ,12,700,2,SSW,1,SW,Lakeview,02/16/1995,539,34.33,-86.22,34.40,-86.00,"A tornado first touched down about two miles south-southwest of Martling in eastern Marshall County moving toward the east-northeast.  The tornado continued on this track primarily across the rural area crossing into DeKalb County at 0531 CST.  The tornado moved through the Hopewell community in southwest DeKalb County before ending just south of the Lakeview community at Highway 75.  Emergency Management reported that more than 10 homes were destroyed, about 40 homes were damaged, and 30 chicken houses were damaged or demolished. ","",493
10314105,TUSCALOOSA CO.,Samantha,03/07/1995,1503,Tornado,0,F0,0,0,56000,0,AL,CST, , ,C,125, ,0,0, , ,2,80,0, ,0, , ,03/07/1995,1503, , , , ,"Numerous trees were downed, one mobile home was destroyed, six homes sustained roof damage, and two barns were totally destroyed by what was believed to be a small tornado. ","",494
10314717,CULLMAN CO.,Enon,03/07/1995,1645,Tornado,0,F0,0,0,40000,500,AL,CST, , ,C,43, ,0,0, , ,1.5,80,0, ,0, , ,03/07/1995,1645,34.30,-86.78, , ,"A small tornado damaged several houses along with downing trees and power lines.  A barn and a chicken house were also destroyed. ","",495
10314063,MORGAN CO.,Lacey's Springs,03/07/1995,1710,Tornado,0,F0,0,0,50000,0,AL,CST, , ,C,103, ,0,0, , ,1,80,0, ,0, , ,03/07/1995,1710,34.53,-86.60, , ,"Thunderstorm winds blew the roof off one house and damaged a barn at Eva.  What was believed to be a small tornado touched down on Highway 36 just west of Lacey's Springs damaging a house, a barn, and a shed as well as downing numerous trees and power lines.  Near Cotaco, thunderstorm winds downed trees and damaged one house. ","",496
10314454,ELMORE CO.,Elmore,04/11/1995,1015,Tornado,0,F1,0,0,25000,0,AL,CST, , ,C,51, ,0,0, , ,4,100,3,WSW,0, , ,04/11/1995,1015,32.52,-86.37,32.53,-86.30,"What appeared to be a small tornado damaged a section of Elmore County from Millbrook to Elmore in the western part of the county.  The area affected paralleled Highway 14.  Aluminum skirting was ripped off about 20 mobile homes at one mobile home park, and numerous trees and power lines were downed in the area. ","",497
10314673,CHAMBERS CO., ,04/11/1995,1200,Tornado,0,F0,0,0,42000,0,AL,CST, , ,C,17, ,0,0, , ,1.5,200,0, ,0, ,Lanett,04/11/1995,1200, , , , ,"A weak tornado downed numerous trees and damaged four houses in the Lakeview area near Lanett in Chambers County.  An eyewitness reported seeing a funnel cloud bobbing up and down from the sky producing an intermittent track of damage.  Damage was reported to be minor to the four houses. ","",498
10314281,LAMAR CO.,Vernon,04/20/1995,1903,Tornado,0,F1,0,6,650000,0,AL,CST, , ,C,75, ,0,0, , ,4,80,6,SW,0, , ,04/20/1995,1903, , , , ,"A tornado began about six miles southwest of Vernon just north of the location where County 9 crosses the Yellow Creek.  The tornado moved north directly toward Vernon, but lifted about two miles southwest of the center of town. ","",499
10313945,WINSTON CO.,Haleyville,04/20/1995,1954,Tornado,0,F1,0,17,450000,0,AL,CST, , ,C,133, ,0,0, , ,6,120,5,SW,0, , ,04/20/1995,1954, , , , ,"A tornado touched down about five miles southwest of Haleyville in Marion County along State Highway 129 and moved on a northeast track that took it into the northern section of Haleyville.  The tornado path covered about five miles in Marion County and one mile in Winston County.  The most significant damage occurred along State Highway 129 in Marion County and most of the injuries occurred in that area.  Most of those injured were in mobile homes at the time the storm hit.  Three mobile homes were destroyed along with three businesses.  Large hail, around one inch, was also reported in Haleyville with the storm. ","",500
